--
-- PostgreSQL database dump
--

-- Dumped from database version 13.21 (Debian 13.21-1.pgdg120+1)
-- Dumped by pg_dump version 13.21 (Debian 13.21-1.pgdg120+1)

SET statement_timeout = 0;
SET lock_timeout = 0;
SET idle_in_transaction_session_timeout = 0;
SET client_encoding = 'UTF8';
SET standard_conforming_strings = on;
SELECT pg_catalog.set_config('search_path', '', false);
SET check_function_bodies = false;
SET xmloption = content;
SET client_min_messages = warning;
SET row_security = off;

SET default_tablespace = '';

SET default_table_access_method = heap;

--
-- Name: api_subscription; Type: TABLE; Schema: public; Owner: foodgram_user
--

CREATE TABLE public.api_subscription (
    id bigint NOT NULL,
    author_id bigint NOT NULL,
    user_id bigint NOT NULL
);


ALTER TABLE public.api_subscription OWNER TO foodgram_user;

--
-- Name: api_subscription_id_seq; Type: SEQUENCE; Schema: public; Owner: foodgram_user
--

ALTER TABLE public.api_subscription ALTER COLUMN id ADD GENERATED BY DEFAULT AS IDENTITY (
    SEQUENCE NAME public.api_subscription_id_seq
    START WITH 1
    INCREMENT BY 1
    NO MINVALUE
    NO MAXVALUE
    CACHE 1
);


--
-- Name: api_user; Type: TABLE; Schema: public; Owner: foodgram_user
--

CREATE TABLE public.api_user (
    id bigint NOT NULL,
    password character varying(128) NOT NULL,
    last_login timestamp with time zone,
    is_superuser boolean NOT NULL,
    is_staff boolean NOT NULL,
    is_active boolean NOT NULL,
    date_joined timestamp with time zone NOT NULL,
    username character varying(150) NOT NULL,
    email character varying(254) NOT NULL,
    first_name character varying(150) NOT NULL,
    last_name character varying(150) NOT NULL,
    role character varying(9) NOT NULL,
    avatar character varying(100)
);


ALTER TABLE public.api_user OWNER TO foodgram_user;

--
-- Name: api_user_groups; Type: TABLE; Schema: public; Owner: foodgram_user
--

CREATE TABLE public.api_user_groups (
    id bigint NOT NULL,
    user_id bigint NOT NULL,
    group_id integer NOT NULL
);


ALTER TABLE public.api_user_groups OWNER TO foodgram_user;

--
-- Name: api_user_groups_id_seq; Type: SEQUENCE; Schema: public; Owner: foodgram_user
--

ALTER TABLE public.api_user_groups ALTER COLUMN id ADD GENERATED BY DEFAULT AS IDENTITY (
    SEQUENCE NAME public.api_user_groups_id_seq
    START WITH 1
    INCREMENT BY 1
    NO MINVALUE
    NO MAXVALUE
    CACHE 1
);


--
-- Name: api_user_id_seq; Type: SEQUENCE; Schema: public; Owner: foodgram_user
--

ALTER TABLE public.api_user ALTER COLUMN id ADD GENERATED BY DEFAULT AS IDENTITY (
    SEQUENCE NAME public.api_user_id_seq
    START WITH 1
    INCREMENT BY 1
    NO MINVALUE
    NO MAXVALUE
    CACHE 1
);


--
-- Name: api_user_user_permissions; Type: TABLE; Schema: public; Owner: foodgram_user
--

CREATE TABLE public.api_user_user_permissions (
    id bigint NOT NULL,
    user_id bigint NOT NULL,
    permission_id integer NOT NULL
);


ALTER TABLE public.api_user_user_permissions OWNER TO foodgram_user;

--
-- Name: api_user_user_permissions_id_seq; Type: SEQUENCE; Schema: public; Owner: foodgram_user
--

ALTER TABLE public.api_user_user_permissions ALTER COLUMN id ADD GENERATED BY DEFAULT AS IDENTITY (
    SEQUENCE NAME public.api_user_user_permissions_id_seq
    START WITH 1
    INCREMENT BY 1
    NO MINVALUE
    NO MAXVALUE
    CACHE 1
);


--
-- Name: auth_group; Type: TABLE; Schema: public; Owner: foodgram_user
--

CREATE TABLE public.auth_group (
    id integer NOT NULL,
    name character varying(150) NOT NULL
);


ALTER TABLE public.auth_group OWNER TO foodgram_user;

--
-- Name: auth_group_id_seq; Type: SEQUENCE; Schema: public; Owner: foodgram_user
--

ALTER TABLE public.auth_group ALTER COLUMN id ADD GENERATED BY DEFAULT AS IDENTITY (
    SEQUENCE NAME public.auth_group_id_seq
    START WITH 1
    INCREMENT BY 1
    NO MINVALUE
    NO MAXVALUE
    CACHE 1
);


--
-- Name: auth_group_permissions; Type: TABLE; Schema: public; Owner: foodgram_user
--

CREATE TABLE public.auth_group_permissions (
    id bigint NOT NULL,
    group_id integer NOT NULL,
    permission_id integer NOT NULL
);


ALTER TABLE public.auth_group_permissions OWNER TO foodgram_user;

--
-- Name: auth_group_permissions_id_seq; Type: SEQUENCE; Schema: public; Owner: foodgram_user
--

ALTER TABLE public.auth_group_permissions ALTER COLUMN id ADD GENERATED BY DEFAULT AS IDENTITY (
    SEQUENCE NAME public.auth_group_permissions_id_seq
    START WITH 1
    INCREMENT BY 1
    NO MINVALUE
    NO MAXVALUE
    CACHE 1
);


--
-- Name: auth_permission; Type: TABLE; Schema: public; Owner: foodgram_user
--

CREATE TABLE public.auth_permission (
    id integer NOT NULL,
    name character varying(255) NOT NULL,
    content_type_id integer NOT NULL,
    codename character varying(100) NOT NULL
);


ALTER TABLE public.auth_permission OWNER TO foodgram_user;

--
-- Name: auth_permission_id_seq; Type: SEQUENCE; Schema: public; Owner: foodgram_user
--

ALTER TABLE public.auth_permission ALTER COLUMN id ADD GENERATED BY DEFAULT AS IDENTITY (
    SEQUENCE NAME public.auth_permission_id_seq
    START WITH 1
    INCREMENT BY 1
    NO MINVALUE
    NO MAXVALUE
    CACHE 1
);


--
-- Name: authtoken_token; Type: TABLE; Schema: public; Owner: foodgram_user
--

CREATE TABLE public.authtoken_token (
    key character varying(40) NOT NULL,
    created timestamp with time zone NOT NULL,
    user_id bigint NOT NULL
);


ALTER TABLE public.authtoken_token OWNER TO foodgram_user;

--
-- Name: django_admin_log; Type: TABLE; Schema: public; Owner: foodgram_user
--

CREATE TABLE public.django_admin_log (
    id integer NOT NULL,
    action_time timestamp with time zone NOT NULL,
    object_id text,
    object_repr character varying(200) NOT NULL,
    action_flag smallint NOT NULL,
    change_message text NOT NULL,
    content_type_id integer,
    user_id bigint NOT NULL,
    CONSTRAINT django_admin_log_action_flag_check CHECK ((action_flag >= 0))
);


ALTER TABLE public.django_admin_log OWNER TO foodgram_user;

--
-- Name: django_admin_log_id_seq; Type: SEQUENCE; Schema: public; Owner: foodgram_user
--

ALTER TABLE public.django_admin_log ALTER COLUMN id ADD GENERATED BY DEFAULT AS IDENTITY (
    SEQUENCE NAME public.django_admin_log_id_seq
    START WITH 1
    INCREMENT BY 1
    NO MINVALUE
    NO MAXVALUE
    CACHE 1
);


--
-- Name: django_content_type; Type: TABLE; Schema: public; Owner: foodgram_user
--

CREATE TABLE public.django_content_type (
    id integer NOT NULL,
    app_label character varying(100) NOT NULL,
    model character varying(100) NOT NULL
);


ALTER TABLE public.django_content_type OWNER TO foodgram_user;

--
-- Name: django_content_type_id_seq; Type: SEQUENCE; Schema: public; Owner: foodgram_user
--

ALTER TABLE public.django_content_type ALTER COLUMN id ADD GENERATED BY DEFAULT AS IDENTITY (
    SEQUENCE NAME public.django_content_type_id_seq
    START WITH 1
    INCREMENT BY 1
    NO MINVALUE
    NO MAXVALUE
    CACHE 1
);


--
-- Name: django_migrations; Type: TABLE; Schema: public; Owner: foodgram_user
--

CREATE TABLE public.django_migrations (
    id bigint NOT NULL,
    app character varying(255) NOT NULL,
    name character varying(255) NOT NULL,
    applied timestamp with time zone NOT NULL
);


ALTER TABLE public.django_migrations OWNER TO foodgram_user;

--
-- Name: django_migrations_id_seq; Type: SEQUENCE; Schema: public; Owner: foodgram_user
--

ALTER TABLE public.django_migrations ALTER COLUMN id ADD GENERATED BY DEFAULT AS IDENTITY (
    SEQUENCE NAME public.django_migrations_id_seq
    START WITH 1
    INCREMENT BY 1
    NO MINVALUE
    NO MAXVALUE
    CACHE 1
);


--
-- Name: django_session; Type: TABLE; Schema: public; Owner: foodgram_user
--

CREATE TABLE public.django_session (
    session_key character varying(40) NOT NULL,
    session_data text NOT NULL,
    expire_date timestamp with time zone NOT NULL
);


ALTER TABLE public.django_session OWNER TO foodgram_user;

--
-- Name: recipes_favorite; Type: TABLE; Schema: public; Owner: foodgram_user
--

CREATE TABLE public.recipes_favorite (
    id bigint NOT NULL,
    recipe_id bigint NOT NULL,
    user_id bigint NOT NULL
);


ALTER TABLE public.recipes_favorite OWNER TO foodgram_user;

--
-- Name: recipes_favorite_id_seq; Type: SEQUENCE; Schema: public; Owner: foodgram_user
--

ALTER TABLE public.recipes_favorite ALTER COLUMN id ADD GENERATED BY DEFAULT AS IDENTITY (
    SEQUENCE NAME public.recipes_favorite_id_seq
    START WITH 1
    INCREMENT BY 1
    NO MINVALUE
    NO MAXVALUE
    CACHE 1
);


--
-- Name: recipes_ingredient; Type: TABLE; Schema: public; Owner: foodgram_user
--

CREATE TABLE public.recipes_ingredient (
    id bigint NOT NULL,
    name character varying(256) NOT NULL,
    measurement_unit character varying(256) NOT NULL
);


ALTER TABLE public.recipes_ingredient OWNER TO foodgram_user;

--
-- Name: recipes_ingredient_id_seq; Type: SEQUENCE; Schema: public; Owner: foodgram_user
--

ALTER TABLE public.recipes_ingredient ALTER COLUMN id ADD GENERATED BY DEFAULT AS IDENTITY (
    SEQUENCE NAME public.recipes_ingredient_id_seq
    START WITH 1
    INCREMENT BY 1
    NO MINVALUE
    NO MAXVALUE
    CACHE 1
);


--
-- Name: recipes_recipe; Type: TABLE; Schema: public; Owner: foodgram_user
--

CREATE TABLE public.recipes_recipe (
    id bigint NOT NULL,
    name character varying(256) NOT NULL,
    image character varying(100) NOT NULL,
    text text NOT NULL,
    cooking_time bigint NOT NULL,
    pub_date timestamp with time zone NOT NULL,
    author_id bigint NOT NULL,
    CONSTRAINT recipes_recipe_cooking_time_check CHECK ((cooking_time >= 0))
);


ALTER TABLE public.recipes_recipe OWNER TO foodgram_user;

--
-- Name: recipes_recipe_id_seq; Type: SEQUENCE; Schema: public; Owner: foodgram_user
--

ALTER TABLE public.recipes_recipe ALTER COLUMN id ADD GENERATED BY DEFAULT AS IDENTITY (
    SEQUENCE NAME public.recipes_recipe_id_seq
    START WITH 1
    INCREMENT BY 1
    NO MINVALUE
    NO MAXVALUE
    CACHE 1
);


--
-- Name: recipes_recipe_tags; Type: TABLE; Schema: public; Owner: foodgram_user
--

CREATE TABLE public.recipes_recipe_tags (
    id bigint NOT NULL,
    recipe_id bigint NOT NULL,
    tag_id bigint NOT NULL
);


ALTER TABLE public.recipes_recipe_tags OWNER TO foodgram_user;

--
-- Name: recipes_recipe_tags_id_seq; Type: SEQUENCE; Schema: public; Owner: foodgram_user
--

ALTER TABLE public.recipes_recipe_tags ALTER COLUMN id ADD GENERATED BY DEFAULT AS IDENTITY (
    SEQUENCE NAME public.recipes_recipe_tags_id_seq
    START WITH 1
    INCREMENT BY 1
    NO MINVALUE
    NO MAXVALUE
    CACHE 1
);


--
-- Name: recipes_recipeingredient; Type: TABLE; Schema: public; Owner: foodgram_user
--

CREATE TABLE public.recipes_recipeingredient (
    id bigint NOT NULL,
    amount integer NOT NULL,
    ingredient_id bigint NOT NULL,
    recipe_id bigint NOT NULL,
    CONSTRAINT recipes_recipeingredient_amount_check CHECK ((amount >= 0))
);


ALTER TABLE public.recipes_recipeingredient OWNER TO foodgram_user;

--
-- Name: recipes_recipeingredient_id_seq; Type: SEQUENCE; Schema: public; Owner: foodgram_user
--

ALTER TABLE public.recipes_recipeingredient ALTER COLUMN id ADD GENERATED BY DEFAULT AS IDENTITY (
    SEQUENCE NAME public.recipes_recipeingredient_id_seq
    START WITH 1
    INCREMENT BY 1
    NO MINVALUE
    NO MAXVALUE
    CACHE 1
);


--
-- Name: recipes_shoppingcart; Type: TABLE; Schema: public; Owner: foodgram_user
--

CREATE TABLE public.recipes_shoppingcart (
    id bigint NOT NULL,
    recipe_id bigint NOT NULL,
    user_id bigint NOT NULL
);


ALTER TABLE public.recipes_shoppingcart OWNER TO foodgram_user;

--
-- Name: recipes_shoppingcart_id_seq; Type: SEQUENCE; Schema: public; Owner: foodgram_user
--

ALTER TABLE public.recipes_shoppingcart ALTER COLUMN id ADD GENERATED BY DEFAULT AS IDENTITY (
    SEQUENCE NAME public.recipes_shoppingcart_id_seq
    START WITH 1
    INCREMENT BY 1
    NO MINVALUE
    NO MAXVALUE
    CACHE 1
);


--
-- Name: recipes_tag; Type: TABLE; Schema: public; Owner: foodgram_user
--

CREATE TABLE public.recipes_tag (
    id bigint NOT NULL,
    name character varying(256) NOT NULL,
    slug character varying(50) NOT NULL
);


ALTER TABLE public.recipes_tag OWNER TO foodgram_user;

--
-- Name: recipes_tag_id_seq; Type: SEQUENCE; Schema: public; Owner: foodgram_user
--

ALTER TABLE public.recipes_tag ALTER COLUMN id ADD GENERATED BY DEFAULT AS IDENTITY (
    SEQUENCE NAME public.recipes_tag_id_seq
    START WITH 1
    INCREMENT BY 1
    NO MINVALUE
    NO MAXVALUE
    CACHE 1
);


--
-- Data for Name: api_subscription; Type: TABLE DATA; Schema: public; Owner: foodgram_user
--

COPY public.api_subscription (id, author_id, user_id) FROM stdin;
19	10	8
20	9	8
\.


--
-- Data for Name: api_user; Type: TABLE DATA; Schema: public; Owner: foodgram_user
--

COPY public.api_user (id, password, last_login, is_superuser, is_staff, is_active, date_joined, username, email, first_name, last_name, role, avatar) FROM stdin;
8	pbkdf2_sha256$600000$665w4IR9dFw8JUkDqiAhC7$bp1EnD0wfli0Vc95bwGlw3Q9WjahRprETy86ZLjlsvk=	2025-07-03 00:07:35.995561+00	t	t	t	2025-07-01 23:52:30.073037+00	admin	admin@admin.ru	admin	admin	user	users/301e1633-818b-42a9-a4bd-98855b0999aa.png
9	pbkdf2_sha256$600000$vhGmif52o5pNx159unx9Vh$vXC1LQa9e01spg54ONMCwOpcMeAtaR6XCateAqvmnyc=	\N	f	f	t	2025-07-02 00:02:46+00	Хозяюшка123	lesia@yandex.ru	Леся	Иванченко	user	users/7ccc85a3-a7ba-4c02-ab56-a50ebfcad489.jpeg
10	pbkdf2_sha256$600000$0tSOLRylHgrW33JXD0Pzic$jSqHpvMEdBkO+gi25vB2wQ6fKw6ZVWNgnmbdTxJwoJc=	\N	f	f	t	2025-07-02 00:04:46+00	Рукодельница12	marfa@yandex.ru	Марфа	Богомолова	user	users/512b3547-e178-4a70-9048-b5caca03f8d8.jpeg
\.


--
-- Data for Name: api_user_groups; Type: TABLE DATA; Schema: public; Owner: foodgram_user
--

COPY public.api_user_groups (id, user_id, group_id) FROM stdin;
\.


--
-- Data for Name: api_user_user_permissions; Type: TABLE DATA; Schema: public; Owner: foodgram_user
--

COPY public.api_user_user_permissions (id, user_id, permission_id) FROM stdin;
\.


--
-- Data for Name: auth_group; Type: TABLE DATA; Schema: public; Owner: foodgram_user
--

COPY public.auth_group (id, name) FROM stdin;
\.


--
-- Data for Name: auth_group_permissions; Type: TABLE DATA; Schema: public; Owner: foodgram_user
--

COPY public.auth_group_permissions (id, group_id, permission_id) FROM stdin;
\.


--
-- Data for Name: auth_permission; Type: TABLE DATA; Schema: public; Owner: foodgram_user
--

COPY public.auth_permission (id, name, content_type_id, codename) FROM stdin;
1	Can add log entry	1	add_logentry
2	Can change log entry	1	change_logentry
3	Can delete log entry	1	delete_logentry
4	Can view log entry	1	view_logentry
5	Can add permission	2	add_permission
6	Can change permission	2	change_permission
7	Can delete permission	2	delete_permission
8	Can view permission	2	view_permission
9	Can add group	3	add_group
10	Can change group	3	change_group
11	Can delete group	3	delete_group
12	Can view group	3	view_group
13	Can add content type	4	add_contenttype
14	Can change content type	4	change_contenttype
15	Can delete content type	4	delete_contenttype
16	Can view content type	4	view_contenttype
17	Can add session	5	add_session
18	Can change session	5	change_session
19	Can delete session	5	delete_session
20	Can view session	5	view_session
21	Can add Token	6	add_token
22	Can change Token	6	change_token
23	Can delete Token	6	delete_token
24	Can view Token	6	view_token
25	Can add Token	7	add_tokenproxy
26	Can change Token	7	change_tokenproxy
27	Can delete Token	7	delete_tokenproxy
28	Can view Token	7	view_tokenproxy
29	Can add Пользователь	8	add_user
30	Can change Пользователь	8	change_user
31	Can delete Пользователь	8	delete_user
32	Can view Пользователь	8	view_user
33	Can add Подписка	9	add_subscription
34	Can change Подписка	9	change_subscription
35	Can delete Подписка	9	delete_subscription
36	Can view Подписка	9	view_subscription
37	Can add Ингридиент	10	add_ingredient
38	Can change Ингридиент	10	change_ingredient
39	Can delete Ингридиент	10	delete_ingredient
40	Can view Ингридиент	10	view_ingredient
41	Can add Рецепт	11	add_recipe
42	Can change Рецепт	11	change_recipe
43	Can delete Рецепт	11	delete_recipe
44	Can view Рецепт	11	view_recipe
45	Can add Тег	12	add_tag
46	Can change Тег	12	change_tag
47	Can delete Тег	12	delete_tag
48	Can view Тег	12	view_tag
49	Can add Ингредиент в рецепте	13	add_recipeingredient
50	Can change Ингредиент в рецепте	13	change_recipeingredient
51	Can delete Ингредиент в рецепте	13	delete_recipeingredient
52	Can view Ингредиент в рецепте	13	view_recipeingredient
53	Can add Список покупок	14	add_shoppingcart
54	Can change Список покупок	14	change_shoppingcart
55	Can delete Список покупок	14	delete_shoppingcart
56	Can view Список покупок	14	view_shoppingcart
57	Can add Избранное	15	add_favorite
58	Can change Избранное	15	change_favorite
59	Can delete Избранное	15	delete_favorite
60	Can view Избранное	15	view_favorite
\.


--
-- Data for Name: authtoken_token; Type: TABLE DATA; Schema: public; Owner: foodgram_user
--

COPY public.authtoken_token (key, created, user_id) FROM stdin;
670ed329d4e3a2527990b651840864eff0027876	2025-07-03 00:22:25.991093+00	8
\.


--
-- Data for Name: django_admin_log; Type: TABLE DATA; Schema: public; Owner: foodgram_user
--

COPY public.django_admin_log (id, action_time, object_id, object_repr, action_flag, change_message, content_type_id, user_id) FROM stdin;
12	2025-07-01 23:52:50.916495+00	1	Tag object (1)	3		12	8
13	2025-07-01 23:52:55.731112+00	2	Tag object (2)	3		12	8
14	2025-07-01 23:53:19.074182+00	3	Tag object (3)	1	[{"added": {}}]	12	8
15	2025-07-01 23:53:29.332946+00	3	Tag object (3)	3		12	8
16	2025-07-01 23:53:36.214253+00	4	Tag object (4)	1	[{"added": {}}]	12	8
17	2025-07-01 23:53:39.656297+00	5	Tag object (5)	1	[{"added": {}}]	12	8
18	2025-07-01 23:53:42.644211+00	6	Tag object (6)	1	[{"added": {}}]	12	8
19	2025-07-01 23:53:59.841328+00	7	Tag object (7)	1	[{"added": {}}]	12	8
20	2025-07-02 00:02:46.969821+00	9	Хозяюшка123	1	[{"added": {}}]	8	8
21	2025-07-02 00:04:46.524856+00	10	Рукодельница12	1	[{"added": {}}]	8	8
22	2025-07-02 00:05:09.306549+00	10	Рукодельница12	2	[]	8	8
23	2025-07-02 00:05:14.478809+00	9	Хозяюшка123	2	[]	8	8
24	2025-07-02 00:06:10.53125+00	4	Ingredient object (4)	1	[{"added": {}}]	10	8
25	2025-07-02 00:06:19.071298+00	5	Ingredient object (5)	1	[{"added": {}}]	10	8
26	2025-07-02 00:06:24.434937+00	6	Ingredient object (6)	1	[{"added": {}}]	10	8
27	2025-07-02 00:06:33.117137+00	7	Ingredient object (7)	1	[{"added": {}}]	10	8
28	2025-07-02 00:09:04.03157+00	11	Домашние сырные палочки	1	[{"added": {}}]	11	8
29	2025-07-02 00:20:41.056454+00	12	Летний десерт с жимолостью в стакане	1	[{"added": {}}]	11	8
30	2025-07-02 00:22:15.134589+00	13	Чесночные стрелки с яйцами на сковороде	1	[{"added": {}}]	11	8
31	2025-07-02 00:32:12.869692+00	8	Чесночные стрелки (шт)	1	[{"added": {}}]	10	8
32	2025-07-02 00:32:57.106541+00	9	Соль (г)	1	[{"added": {}}]	10	8
33	2025-07-02 00:33:07.690477+00	13	Чесночные стрелки с яйцами на сковороде	2	[{"added": {"name": "\\u0418\\u043d\\u0433\\u0440\\u0435\\u0434\\u0438\\u0435\\u043d\\u0442 \\u0432 \\u0440\\u0435\\u0446\\u0435\\u043f\\u0442\\u0435", "object": "6 x \\u0427\\u0435\\u0441\\u043d\\u043e\\u0447\\u043d\\u044b\\u0435 \\u0441\\u0442\\u0440\\u0435\\u043b\\u043a\\u0438 in \\u0427\\u0435\\u0441\\u043d\\u043e\\u0447\\u043d\\u044b\\u0435 \\u0441\\u0442\\u0440\\u0435\\u043b\\u043a\\u0438 \\u0441 \\u044f\\u0439\\u0446\\u0430\\u043c\\u0438 \\u043d\\u0430 \\u0441\\u043a\\u043e\\u0432\\u043e\\u0440\\u043e\\u0434\\u0435"}}, {"added": {"name": "\\u0418\\u043d\\u0433\\u0440\\u0435\\u0434\\u0438\\u0435\\u043d\\u0442 \\u0432 \\u0440\\u0435\\u0446\\u0435\\u043f\\u0442\\u0435", "object": "10 x \\u041c\\u0430\\u0441\\u043b\\u043e \\u0440\\u0430\\u0441\\u0442\\u0438\\u0442\\u0435\\u043b\\u044c\\u043d\\u043e\\u0435 in \\u0427\\u0435\\u0441\\u043d\\u043e\\u0447\\u043d\\u044b\\u0435 \\u0441\\u0442\\u0440\\u0435\\u043b\\u043a\\u0438 \\u0441 \\u044f\\u0439\\u0446\\u0430\\u043c\\u0438 \\u043d\\u0430 \\u0441\\u043a\\u043e\\u0432\\u043e\\u0440\\u043e\\u0434\\u0435"}}, {"added": {"name": "\\u0418\\u043d\\u0433\\u0440\\u0435\\u0434\\u0438\\u0435\\u043d\\u0442 \\u0432 \\u0440\\u0435\\u0446\\u0435\\u043f\\u0442\\u0435", "object": "5 x \\u042f\\u0439\\u0446\\u043e in \\u0427\\u0435\\u0441\\u043d\\u043e\\u0447\\u043d\\u044b\\u0435 \\u0441\\u0442\\u0440\\u0435\\u043b\\u043a\\u0438 \\u0441 \\u044f\\u0439\\u0446\\u0430\\u043c\\u0438 \\u043d\\u0430 \\u0441\\u043a\\u043e\\u0432\\u043e\\u0440\\u043e\\u0434\\u0435"}}, {"added": {"name": "\\u0418\\u043d\\u0433\\u0440\\u0435\\u0434\\u0438\\u0435\\u043d\\u0442 \\u0432 \\u0440\\u0435\\u0446\\u0435\\u043f\\u0442\\u0435", "object": "1 x \\u0421\\u043e\\u043b\\u044c in \\u0427\\u0435\\u0441\\u043d\\u043e\\u0447\\u043d\\u044b\\u0435 \\u0441\\u0442\\u0440\\u0435\\u043b\\u043a\\u0438 \\u0441 \\u044f\\u0439\\u0446\\u0430\\u043c\\u0438 \\u043d\\u0430 \\u0441\\u043a\\u043e\\u0432\\u043e\\u0440\\u043e\\u0434\\u0435"}}]	11	8
34	2025-07-02 00:38:11.448683+00	12	Летний десерт с жимолостью в стакане	2	[{"added": {"name": "\\u0418\\u043d\\u0433\\u0440\\u0435\\u0434\\u0438\\u0435\\u043d\\u0442 \\u0432 \\u0440\\u0435\\u0446\\u0435\\u043f\\u0442\\u0435", "object": "300 x \\u0421\\u044b\\u0440 \\u0442\\u0432\\u0435\\u0440\\u0434\\u044b\\u0439 in \\u041b\\u0435\\u0442\\u043d\\u0438\\u0439 \\u0434\\u0435\\u0441\\u0435\\u0440\\u0442 \\u0441 \\u0436\\u0438\\u043c\\u043e\\u043b\\u043e\\u0441\\u0442\\u044c\\u044e \\u0432 \\u0441\\u0442\\u0430\\u043a\\u0430\\u043d\\u0435"}}, {"added": {"name": "\\u0418\\u043d\\u0433\\u0440\\u0435\\u0434\\u0438\\u0435\\u043d\\u0442 \\u0432 \\u0440\\u0435\\u0446\\u0435\\u043f\\u0442\\u0435", "object": "1 x \\u042f\\u0439\\u0446\\u043e in \\u041b\\u0435\\u0442\\u043d\\u0438\\u0439 \\u0434\\u0435\\u0441\\u0435\\u0440\\u0442 \\u0441 \\u0436\\u0438\\u043c\\u043e\\u043b\\u043e\\u0441\\u0442\\u044c\\u044e \\u0432 \\u0441\\u0442\\u0430\\u043a\\u0430\\u043d\\u0435"}}, {"added": {"name": "\\u0418\\u043d\\u0433\\u0440\\u0435\\u0434\\u0438\\u0435\\u043d\\u0442 \\u0432 \\u0440\\u0435\\u0446\\u0435\\u043f\\u0442\\u0435", "object": "30 x \\u041c\\u0443\\u043a\\u0430 in \\u041b\\u0435\\u0442\\u043d\\u0438\\u0439 \\u0434\\u0435\\u0441\\u0435\\u0440\\u0442 \\u0441 \\u0436\\u0438\\u043c\\u043e\\u043b\\u043e\\u0441\\u0442\\u044c\\u044e \\u0432 \\u0441\\u0442\\u0430\\u043a\\u0430\\u043d\\u0435"}}, {"added": {"name": "\\u0418\\u043d\\u0433\\u0440\\u0435\\u0434\\u0438\\u0435\\u043d\\u0442 \\u0432 \\u0440\\u0435\\u0446\\u0435\\u043f\\u0442\\u0435", "object": "70 x \\u041c\\u0430\\u0441\\u043b\\u043e \\u0440\\u0430\\u0441\\u0442\\u0438\\u0442\\u0435\\u043b\\u044c\\u043d\\u043e\\u0435 in \\u041b\\u0435\\u0442\\u043d\\u0438\\u0439 \\u0434\\u0435\\u0441\\u0435\\u0440\\u0442 \\u0441 \\u0436\\u0438\\u043c\\u043e\\u043b\\u043e\\u0441\\u0442\\u044c\\u044e \\u0432 \\u0441\\u0442\\u0430\\u043a\\u0430\\u043d\\u0435"}}]	11	8
35	2025-07-02 00:38:53.572771+00	10	Жимолость свежая (г)	1	[{"added": {}}]	10	8
36	2025-07-02 00:38:58.28557+00	11	Сахар (г)	1	[{"added": {}}]	10	8
37	2025-07-02 00:39:13.937993+00	12	Греческий йогурт (г)	1	[{"added": {}}]	10	8
38	2025-07-02 00:39:19.909952+00	13	Печенье (г)	1	[{"added": {}}]	10	8
39	2025-07-02 00:39:29.008024+00	14	Мята (шт)	1	[{"added": {}}]	10	8
40	2025-07-02 00:40:15.586849+00	11	Домашние сырные палочки	2	[{"added": {"name": "\\u0418\\u043d\\u0433\\u0440\\u0435\\u0434\\u0438\\u0435\\u043d\\u0442 \\u0432 \\u0440\\u0435\\u0446\\u0435\\u043f\\u0442\\u0435", "object": "300 x \\u0421\\u044b\\u0440 \\u0442\\u0432\\u0435\\u0440\\u0434\\u044b\\u0439 in \\u0414\\u043e\\u043c\\u0430\\u0448\\u043d\\u0438\\u0435 \\u0441\\u044b\\u0440\\u043d\\u044b\\u0435 \\u043f\\u0430\\u043b\\u043e\\u0447\\u043a\\u0438"}}, {"added": {"name": "\\u0418\\u043d\\u0433\\u0440\\u0435\\u0434\\u0438\\u0435\\u043d\\u0442 \\u0432 \\u0440\\u0435\\u0446\\u0435\\u043f\\u0442\\u0435", "object": "1 x \\u042f\\u0439\\u0446\\u043e in \\u0414\\u043e\\u043c\\u0430\\u0448\\u043d\\u0438\\u0435 \\u0441\\u044b\\u0440\\u043d\\u044b\\u0435 \\u043f\\u0430\\u043b\\u043e\\u0447\\u043a\\u0438"}}, {"added": {"name": "\\u0418\\u043d\\u0433\\u0440\\u0435\\u0434\\u0438\\u0435\\u043d\\u0442 \\u0432 \\u0440\\u0435\\u0446\\u0435\\u043f\\u0442\\u0435", "object": "70 x \\u041c\\u0430\\u0441\\u043b\\u043e \\u0440\\u0430\\u0441\\u0442\\u0438\\u0442\\u0435\\u043b\\u044c\\u043d\\u043e\\u0435 in \\u0414\\u043e\\u043c\\u0430\\u0448\\u043d\\u0438\\u0435 \\u0441\\u044b\\u0440\\u043d\\u044b\\u0435 \\u043f\\u0430\\u043b\\u043e\\u0447\\u043a\\u0438"}}, {"added": {"name": "\\u0418\\u043d\\u0433\\u0440\\u0435\\u0434\\u0438\\u0435\\u043d\\u0442 \\u0432 \\u0440\\u0435\\u0446\\u0435\\u043f\\u0442\\u0435", "object": "30 x \\u041c\\u0443\\u043a\\u0430 in \\u0414\\u043e\\u043c\\u0430\\u0448\\u043d\\u0438\\u0435 \\u0441\\u044b\\u0440\\u043d\\u044b\\u0435 \\u043f\\u0430\\u043b\\u043e\\u0447\\u043a\\u0438"}}]	11	8
41	2025-07-02 00:41:03.782608+00	12	Летний десерт с жимолостью в стакане	2	[{"added": {"name": "\\u0418\\u043d\\u0433\\u0440\\u0435\\u0434\\u0438\\u0435\\u043d\\u0442 \\u0432 \\u0440\\u0435\\u0446\\u0435\\u043f\\u0442\\u0435", "object": "3 x \\u041c\\u044f\\u0442\\u0430 in \\u041b\\u0435\\u0442\\u043d\\u0438\\u0439 \\u0434\\u0435\\u0441\\u0435\\u0440\\u0442 \\u0441 \\u0436\\u0438\\u043c\\u043e\\u043b\\u043e\\u0441\\u0442\\u044c\\u044e \\u0432 \\u0441\\u0442\\u0430\\u043a\\u0430\\u043d\\u0435"}}, {"changed": {"name": "\\u0418\\u043d\\u0433\\u0440\\u0435\\u0434\\u0438\\u0435\\u043d\\u0442 \\u0432 \\u0440\\u0435\\u0446\\u0435\\u043f\\u0442\\u0435", "object": "150 x \\u0416\\u0438\\u043c\\u043e\\u043b\\u043e\\u0441\\u0442\\u044c \\u0441\\u0432\\u0435\\u0436\\u0430\\u044f in \\u041b\\u0435\\u0442\\u043d\\u0438\\u0439 \\u0434\\u0435\\u0441\\u0435\\u0440\\u0442 \\u0441 \\u0436\\u0438\\u043c\\u043e\\u043b\\u043e\\u0441\\u0442\\u044c\\u044e \\u0432 \\u0441\\u0442\\u0430\\u043a\\u0430\\u043d\\u0435", "fields": ["Ingredient", "\\u041a\\u043e\\u043b\\u0438\\u0447\\u0435\\u0441\\u0442\\u0432\\u043e"]}}, {"changed": {"name": "\\u0418\\u043d\\u0433\\u0440\\u0435\\u0434\\u0438\\u0435\\u043d\\u0442 \\u0432 \\u0440\\u0435\\u0446\\u0435\\u043f\\u0442\\u0435", "object": "10 x \\u0421\\u0430\\u0445\\u0430\\u0440 in \\u041b\\u0435\\u0442\\u043d\\u0438\\u0439 \\u0434\\u0435\\u0441\\u0435\\u0440\\u0442 \\u0441 \\u0436\\u0438\\u043c\\u043e\\u043b\\u043e\\u0441\\u0442\\u044c\\u044e \\u0432 \\u0441\\u0442\\u0430\\u043a\\u0430\\u043d\\u0435", "fields": ["Ingredient", "\\u041a\\u043e\\u043b\\u0438\\u0447\\u0435\\u0441\\u0442\\u0432\\u043e"]}}, {"changed": {"name": "\\u0418\\u043d\\u0433\\u0440\\u0435\\u0434\\u0438\\u0435\\u043d\\u0442 \\u0432 \\u0440\\u0435\\u0446\\u0435\\u043f\\u0442\\u0435", "object": "250 x \\u0413\\u0440\\u0435\\u0447\\u0435\\u0441\\u043a\\u0438\\u0439 \\u0439\\u043e\\u0433\\u0443\\u0440\\u0442 in \\u041b\\u0435\\u0442\\u043d\\u0438\\u0439 \\u0434\\u0435\\u0441\\u0435\\u0440\\u0442 \\u0441 \\u0436\\u0438\\u043c\\u043e\\u043b\\u043e\\u0441\\u0442\\u044c\\u044e \\u0432 \\u0441\\u0442\\u0430\\u043a\\u0430\\u043d\\u0435", "fields": ["Ingredient", "\\u041a\\u043e\\u043b\\u0438\\u0447\\u0435\\u0441\\u0442\\u0432\\u043e"]}}, {"changed": {"name": "\\u0418\\u043d\\u0433\\u0440\\u0435\\u0434\\u0438\\u0435\\u043d\\u0442 \\u0432 \\u0440\\u0435\\u0446\\u0435\\u043f\\u0442\\u0435", "object": "100 x \\u041f\\u0435\\u0447\\u0435\\u043d\\u044c\\u0435 in \\u041b\\u0435\\u0442\\u043d\\u0438\\u0439 \\u0434\\u0435\\u0441\\u0435\\u0440\\u0442 \\u0441 \\u0436\\u0438\\u043c\\u043e\\u043b\\u043e\\u0441\\u0442\\u044c\\u044e \\u0432 \\u0441\\u0442\\u0430\\u043a\\u0430\\u043d\\u0435", "fields": ["Ingredient", "\\u041a\\u043e\\u043b\\u0438\\u0447\\u0435\\u0441\\u0442\\u0432\\u043e"]}}]	11	8
42	2025-07-02 00:43:05.910823+00	15	Шпинат (г)	1	[{"added": {}}]	10	8
43	2025-07-02 00:43:23.660247+00	16	Майонез (ст.л.)	1	[{"added": {}}]	10	8
44	2025-07-02 00:43:46.99146+00	17	Редиска (шт)	1	[{"added": {}}]	10	8
45	2025-07-02 00:43:56.526497+00	14	Редис, фаршированный яичной начинкой со шпинатом	1	[{"added": {}}, {"added": {"name": "\\u0418\\u043d\\u0433\\u0440\\u0435\\u0434\\u0438\\u0435\\u043d\\u0442 \\u0432 \\u0440\\u0435\\u0446\\u0435\\u043f\\u0442\\u0435", "object": "3 x \\u042f\\u0439\\u0446\\u043e in \\u0420\\u0435\\u0434\\u0438\\u0441, \\u0444\\u0430\\u0440\\u0448\\u0438\\u0440\\u043e\\u0432\\u0430\\u043d\\u043d\\u044b\\u0439 \\u044f\\u0438\\u0447\\u043d\\u043e\\u0439 \\u043d\\u0430\\u0447\\u0438\\u043d\\u043a\\u043e\\u0439 \\u0441\\u043e \\u0448\\u043f\\u0438\\u043d\\u0430\\u0442\\u043e\\u043c"}}, {"added": {"name": "\\u0418\\u043d\\u0433\\u0440\\u0435\\u0434\\u0438\\u0435\\u043d\\u0442 \\u0432 \\u0440\\u0435\\u0446\\u0435\\u043f\\u0442\\u0435", "object": "90 x \\u0421\\u044b\\u0440 \\u0442\\u0432\\u0435\\u0440\\u0434\\u044b\\u0439 in \\u0420\\u0435\\u0434\\u0438\\u0441, \\u0444\\u0430\\u0440\\u0448\\u0438\\u0440\\u043e\\u0432\\u0430\\u043d\\u043d\\u044b\\u0439 \\u044f\\u0438\\u0447\\u043d\\u043e\\u0439 \\u043d\\u0430\\u0447\\u0438\\u043d\\u043a\\u043e\\u0439 \\u0441\\u043e \\u0448\\u043f\\u0438\\u043d\\u0430\\u0442\\u043e\\u043c"}}, {"added": {"name": "\\u0418\\u043d\\u0433\\u0440\\u0435\\u0434\\u0438\\u0435\\u043d\\u0442 \\u0432 \\u0440\\u0435\\u0446\\u0435\\u043f\\u0442\\u0435", "object": "20 x \\u0428\\u043f\\u0438\\u043d\\u0430\\u0442 in \\u0420\\u0435\\u0434\\u0438\\u0441, \\u0444\\u0430\\u0440\\u0448\\u0438\\u0440\\u043e\\u0432\\u0430\\u043d\\u043d\\u044b\\u0439 \\u044f\\u0438\\u0447\\u043d\\u043e\\u0439 \\u043d\\u0430\\u0447\\u0438\\u043d\\u043a\\u043e\\u0439 \\u0441\\u043e \\u0448\\u043f\\u0438\\u043d\\u0430\\u0442\\u043e\\u043c"}}, {"added": {"name": "\\u0418\\u043d\\u0433\\u0440\\u0435\\u0434\\u0438\\u0435\\u043d\\u0442 \\u0432 \\u0440\\u0435\\u0446\\u0435\\u043f\\u0442\\u0435", "object": "3 x \\u041c\\u0430\\u0439\\u043e\\u043d\\u0435\\u0437 in \\u0420\\u0435\\u0434\\u0438\\u0441, \\u0444\\u0430\\u0440\\u0448\\u0438\\u0440\\u043e\\u0432\\u0430\\u043d\\u043d\\u044b\\u0439 \\u044f\\u0438\\u0447\\u043d\\u043e\\u0439 \\u043d\\u0430\\u0447\\u0438\\u043d\\u043a\\u043e\\u0439 \\u0441\\u043e \\u0448\\u043f\\u0438\\u043d\\u0430\\u0442\\u043e\\u043c"}}, {"added": {"name": "\\u0418\\u043d\\u0433\\u0440\\u0435\\u0434\\u0438\\u0435\\u043d\\u0442 \\u0432 \\u0440\\u0435\\u0446\\u0435\\u043f\\u0442\\u0435", "object": "1 x \\u0421\\u043e\\u043b\\u044c in \\u0420\\u0435\\u0434\\u0438\\u0441, \\u0444\\u0430\\u0440\\u0448\\u0438\\u0440\\u043e\\u0432\\u0430\\u043d\\u043d\\u044b\\u0439 \\u044f\\u0438\\u0447\\u043d\\u043e\\u0439 \\u043d\\u0430\\u0447\\u0438\\u043d\\u043a\\u043e\\u0439 \\u0441\\u043e \\u0448\\u043f\\u0438\\u043d\\u0430\\u0442\\u043e\\u043c"}}, {"added": {"name": "\\u0418\\u043d\\u0433\\u0440\\u0435\\u0434\\u0438\\u0435\\u043d\\u0442 \\u0432 \\u0440\\u0435\\u0446\\u0435\\u043f\\u0442\\u0435", "object": "20 x \\u0420\\u0435\\u0434\\u0438\\u0441\\u043a\\u0430 in \\u0420\\u0435\\u0434\\u0438\\u0441, \\u0444\\u0430\\u0440\\u0448\\u0438\\u0440\\u043e\\u0432\\u0430\\u043d\\u043d\\u044b\\u0439 \\u044f\\u0438\\u0447\\u043d\\u043e\\u0439 \\u043d\\u0430\\u0447\\u0438\\u043d\\u043a\\u043e\\u0439 \\u0441\\u043e \\u0448\\u043f\\u0438\\u043d\\u0430\\u0442\\u043e\\u043c"}}]	11	8
46	2025-07-02 00:45:07.222779+00	18	Водка (мл)	1	[{"added": {}}]	10	8
47	2025-07-02 00:45:28.51863+00	19	Лмонный сорбет (мл)	1	[{"added": {}}]	10	8
48	2025-07-02 00:45:44.451783+00	20	Просекко (мл)	1	[{"added": {}}]	10	8
49	2025-07-02 00:45:50.201752+00	15	Сгроппино — итальянский аперитив на основе просекко и лимонного сорбета	1	[{"added": {}}, {"added": {"name": "\\u0418\\u043d\\u0433\\u0440\\u0435\\u0434\\u0438\\u0435\\u043d\\u0442 \\u0432 \\u0440\\u0435\\u0446\\u0435\\u043f\\u0442\\u0435", "object": "100 x \\u0412\\u043e\\u0434\\u043a\\u0430 in \\u0421\\u0433\\u0440\\u043e\\u043f\\u043f\\u0438\\u043d\\u043e \\u2014 \\u0438\\u0442\\u0430\\u043b\\u044c\\u044f\\u043d\\u0441\\u043a\\u0438\\u0439 \\u0430\\u043f\\u0435\\u0440\\u0438\\u0442\\u0438\\u0432 \\u043d\\u0430 \\u043e\\u0441\\u043d\\u043e\\u0432\\u0435 \\u043f\\u0440\\u043e\\u0441\\u0435\\u043a\\u043a\\u043e \\u0438 \\u043b\\u0438\\u043c\\u043e\\u043d\\u043d\\u043e\\u0433\\u043e \\u0441\\u043e\\u0440\\u0431\\u0435\\u0442\\u0430"}}, {"added": {"name": "\\u0418\\u043d\\u0433\\u0440\\u0435\\u0434\\u0438\\u0435\\u043d\\u0442 \\u0432 \\u0440\\u0435\\u0446\\u0435\\u043f\\u0442\\u0435", "object": "200 x \\u041b\\u043c\\u043e\\u043d\\u043d\\u044b\\u0439 \\u0441\\u043e\\u0440\\u0431\\u0435\\u0442 in \\u0421\\u0433\\u0440\\u043e\\u043f\\u043f\\u0438\\u043d\\u043e \\u2014 \\u0438\\u0442\\u0430\\u043b\\u044c\\u044f\\u043d\\u0441\\u043a\\u0438\\u0439 \\u0430\\u043f\\u0435\\u0440\\u0438\\u0442\\u0438\\u0432 \\u043d\\u0430 \\u043e\\u0441\\u043d\\u043e\\u0432\\u0435 \\u043f\\u0440\\u043e\\u0441\\u0435\\u043a\\u043a\\u043e \\u0438 \\u043b\\u0438\\u043c\\u043e\\u043d\\u043d\\u043e\\u0433\\u043e \\u0441\\u043e\\u0440\\u0431\\u0435\\u0442\\u0430"}}, {"added": {"name": "\\u0418\\u043d\\u0433\\u0440\\u0435\\u0434\\u0438\\u0435\\u043d\\u0442 \\u0432 \\u0440\\u0435\\u0446\\u0435\\u043f\\u0442\\u0435", "object": "450 x \\u041f\\u0440\\u043e\\u0441\\u0435\\u043a\\u043a\\u043e in \\u0421\\u0433\\u0440\\u043e\\u043f\\u043f\\u0438\\u043d\\u043e \\u2014 \\u0438\\u0442\\u0430\\u043b\\u044c\\u044f\\u043d\\u0441\\u043a\\u0438\\u0439 \\u0430\\u043f\\u0435\\u0440\\u0438\\u0442\\u0438\\u0432 \\u043d\\u0430 \\u043e\\u0441\\u043d\\u043e\\u0432\\u0435 \\u043f\\u0440\\u043e\\u0441\\u0435\\u043a\\u043a\\u043e \\u0438 \\u043b\\u0438\\u043c\\u043e\\u043d\\u043d\\u043e\\u0433\\u043e \\u0441\\u043e\\u0440\\u0431\\u0435\\u0442\\u0430"}}]	11	8
50	2025-07-02 00:46:57.854028+00	21	Чеснок (шт)	1	[{"added": {}}]	10	8
51	2025-07-02 00:47:25.574163+00	22	Имбирь (шт)	1	[{"added": {}}]	10	8
52	2025-07-02 00:47:39.222069+00	23	Соевый соус (мл)	1	[{"added": {}}]	10	8
53	2025-07-02 00:47:55.809931+00	24	Филе белой рыбы (г)	1	[{"added": {}}]	10	8
54	2025-07-02 00:48:23.607747+00	25	Вода (мл)	1	[{"added": {}}]	10	8
55	2025-07-02 00:48:59.519687+00	16	Рыба с острым соусом и овощами по-маньчжурски	1	[{"added": {}}, {"added": {"name": "\\u0418\\u043d\\u0433\\u0440\\u0435\\u0434\\u0438\\u0435\\u043d\\u0442 \\u0432 \\u0440\\u0435\\u0446\\u0435\\u043f\\u0442\\u0435", "object": "1 x \\u0427\\u0435\\u0441\\u043d\\u043e\\u043a in \\u0420\\u044b\\u0431\\u0430 \\u0441 \\u043e\\u0441\\u0442\\u0440\\u044b\\u043c \\u0441\\u043e\\u0443\\u0441\\u043e\\u043c \\u0438 \\u043e\\u0432\\u043e\\u0449\\u0430\\u043c\\u0438 \\u043f\\u043e-\\u043c\\u0430\\u043d\\u044c\\u0447\\u0436\\u0443\\u0440\\u0441\\u043a\\u0438"}}, {"added": {"name": "\\u0418\\u043d\\u0433\\u0440\\u0435\\u0434\\u0438\\u0435\\u043d\\u0442 \\u0432 \\u0440\\u0435\\u0446\\u0435\\u043f\\u0442\\u0435", "object": "1 x \\u0418\\u043c\\u0431\\u0438\\u0440\\u044c in \\u0420\\u044b\\u0431\\u0430 \\u0441 \\u043e\\u0441\\u0442\\u0440\\u044b\\u043c \\u0441\\u043e\\u0443\\u0441\\u043e\\u043c \\u0438 \\u043e\\u0432\\u043e\\u0449\\u0430\\u043c\\u0438 \\u043f\\u043e-\\u043c\\u0430\\u043d\\u044c\\u0447\\u0436\\u0443\\u0440\\u0441\\u043a\\u0438"}}, {"added": {"name": "\\u0418\\u043d\\u0433\\u0440\\u0435\\u0434\\u0438\\u0435\\u043d\\u0442 \\u0432 \\u0440\\u0435\\u0446\\u0435\\u043f\\u0442\\u0435", "object": "10 x \\u0421\\u043e\\u0435\\u0432\\u044b\\u0439 \\u0441\\u043e\\u0443\\u0441 in \\u0420\\u044b\\u0431\\u0430 \\u0441 \\u043e\\u0441\\u0442\\u0440\\u044b\\u043c \\u0441\\u043e\\u0443\\u0441\\u043e\\u043c \\u0438 \\u043e\\u0432\\u043e\\u0449\\u0430\\u043c\\u0438 \\u043f\\u043e-\\u043c\\u0430\\u043d\\u044c\\u0447\\u0436\\u0443\\u0440\\u0441\\u043a\\u0438"}}, {"added": {"name": "\\u0418\\u043d\\u0433\\u0440\\u0435\\u0434\\u0438\\u0435\\u043d\\u0442 \\u0432 \\u0440\\u0435\\u0446\\u0435\\u043f\\u0442\\u0435", "object": "250 x \\u0424\\u0438\\u043b\\u0435 \\u0431\\u0435\\u043b\\u043e\\u0439 \\u0440\\u044b\\u0431\\u044b in \\u0420\\u044b\\u0431\\u0430 \\u0441 \\u043e\\u0441\\u0442\\u0440\\u044b\\u043c \\u0441\\u043e\\u0443\\u0441\\u043e\\u043c \\u0438 \\u043e\\u0432\\u043e\\u0449\\u0430\\u043c\\u0438 \\u043f\\u043e-\\u043c\\u0430\\u043d\\u044c\\u0447\\u0436\\u0443\\u0440\\u0441\\u043a\\u0438"}}, {"added": {"name": "\\u0418\\u043d\\u0433\\u0440\\u0435\\u0434\\u0438\\u0435\\u043d\\u0442 \\u0432 \\u0440\\u0435\\u0446\\u0435\\u043f\\u0442\\u0435", "object": "30 x \\u041c\\u0443\\u043a\\u0430 in \\u0420\\u044b\\u0431\\u0430 \\u0441 \\u043e\\u0441\\u0442\\u0440\\u044b\\u043c \\u0441\\u043e\\u0443\\u0441\\u043e\\u043c \\u0438 \\u043e\\u0432\\u043e\\u0449\\u0430\\u043c\\u0438 \\u043f\\u043e-\\u043c\\u0430\\u043d\\u044c\\u0447\\u0436\\u0443\\u0440\\u0441\\u043a\\u0438"}}, {"added": {"name": "\\u0418\\u043d\\u0433\\u0440\\u0435\\u0434\\u0438\\u0435\\u043d\\u0442 \\u0432 \\u0440\\u0435\\u0446\\u0435\\u043f\\u0442\\u0435", "object": "2 x \\u0421\\u043e\\u043b\\u044c in \\u0420\\u044b\\u0431\\u0430 \\u0441 \\u043e\\u0441\\u0442\\u0440\\u044b\\u043c \\u0441\\u043e\\u0443\\u0441\\u043e\\u043c \\u0438 \\u043e\\u0432\\u043e\\u0449\\u0430\\u043c\\u0438 \\u043f\\u043e-\\u043c\\u0430\\u043d\\u044c\\u0447\\u0436\\u0443\\u0440\\u0441\\u043a\\u0438"}}, {"added": {"name": "\\u0418\\u043d\\u0433\\u0440\\u0435\\u0434\\u0438\\u0435\\u043d\\u0442 \\u0432 \\u0440\\u0435\\u0446\\u0435\\u043f\\u0442\\u0435", "object": "200 x \\u0412\\u043e\\u0434\\u0430 in \\u0420\\u044b\\u0431\\u0430 \\u0441 \\u043e\\u0441\\u0442\\u0440\\u044b\\u043c \\u0441\\u043e\\u0443\\u0441\\u043e\\u043c \\u0438 \\u043e\\u0432\\u043e\\u0449\\u0430\\u043c\\u0438 \\u043f\\u043e-\\u043c\\u0430\\u043d\\u044c\\u0447\\u0436\\u0443\\u0440\\u0441\\u043a\\u0438"}}, {"added": {"name": "\\u0418\\u043d\\u0433\\u0440\\u0435\\u0434\\u0438\\u0435\\u043d\\u0442 \\u0432 \\u0440\\u0435\\u0446\\u0435\\u043f\\u0442\\u0435", "object": "70 x \\u041c\\u0430\\u0441\\u043b\\u043e \\u0440\\u0430\\u0441\\u0442\\u0438\\u0442\\u0435\\u043b\\u044c\\u043d\\u043e\\u0435 in \\u0420\\u044b\\u0431\\u0430 \\u0441 \\u043e\\u0441\\u0442\\u0440\\u044b\\u043c \\u0441\\u043e\\u0443\\u0441\\u043e\\u043c \\u0438 \\u043e\\u0432\\u043e\\u0449\\u0430\\u043c\\u0438 \\u043f\\u043e-\\u043c\\u0430\\u043d\\u044c\\u0447\\u0436\\u0443\\u0440\\u0441\\u043a\\u0438"}}, {"added": {"name": "\\u0418\\u043d\\u0433\\u0440\\u0435\\u0434\\u0438\\u0435\\u043d\\u0442 \\u0432 \\u0440\\u0435\\u0446\\u0435\\u043f\\u0442\\u0435", "object": "20 x \\u0428\\u043f\\u0438\\u043d\\u0430\\u0442 in \\u0420\\u044b\\u0431\\u0430 \\u0441 \\u043e\\u0441\\u0442\\u0440\\u044b\\u043c \\u0441\\u043e\\u0443\\u0441\\u043e\\u043c \\u0438 \\u043e\\u0432\\u043e\\u0449\\u0430\\u043c\\u0438 \\u043f\\u043e-\\u043c\\u0430\\u043d\\u044c\\u0447\\u0436\\u0443\\u0440\\u0441\\u043a\\u0438"}}]	11	8
56	2025-07-02 00:50:41.171508+00	26	Банан (шт)	1	[{"added": {}}]	10	8
57	2025-07-02 00:50:50.08427+00	27	Черешня (г)	1	[{"added": {}}]	10	8
58	2025-07-02 00:51:00.549189+00	28	Киви (шт)	1	[{"added": {}}]	10	8
59	2025-07-02 00:51:10.144702+00	29	Лимонад (мл)	1	[{"added": {}}]	10	8
60	2025-07-02 00:51:17.487414+00	17	Охлаждающий коктейль на лимонаде с черешней за 5 минут	1	[{"added": {}}, {"added": {"name": "\\u0418\\u043d\\u0433\\u0440\\u0435\\u0434\\u0438\\u0435\\u043d\\u0442 \\u0432 \\u0440\\u0435\\u0446\\u0435\\u043f\\u0442\\u0435", "object": "1 x \\u0411\\u0430\\u043d\\u0430\\u043d in \\u041e\\u0445\\u043b\\u0430\\u0436\\u0434\\u0430\\u044e\\u0449\\u0438\\u0439 \\u043a\\u043e\\u043a\\u0442\\u0435\\u0439\\u043b\\u044c \\u043d\\u0430 \\u043b\\u0438\\u043c\\u043e\\u043d\\u0430\\u0434\\u0435 \\u0441 \\u0447\\u0435\\u0440\\u0435\\u0448\\u043d\\u0435\\u0439 \\u0437\\u0430 5 \\u043c\\u0438\\u043d\\u0443\\u0442"}}, {"added": {"name": "\\u0418\\u043d\\u0433\\u0440\\u0435\\u0434\\u0438\\u0435\\u043d\\u0442 \\u0432 \\u0440\\u0435\\u0446\\u0435\\u043f\\u0442\\u0435", "object": "150 x \\u0427\\u0435\\u0440\\u0435\\u0448\\u043d\\u044f in \\u041e\\u0445\\u043b\\u0430\\u0436\\u0434\\u0430\\u044e\\u0449\\u0438\\u0439 \\u043a\\u043e\\u043a\\u0442\\u0435\\u0439\\u043b\\u044c \\u043d\\u0430 \\u043b\\u0438\\u043c\\u043e\\u043d\\u0430\\u0434\\u0435 \\u0441 \\u0447\\u0435\\u0440\\u0435\\u0448\\u043d\\u0435\\u0439 \\u0437\\u0430 5 \\u043c\\u0438\\u043d\\u0443\\u0442"}}, {"added": {"name": "\\u0418\\u043d\\u0433\\u0440\\u0435\\u0434\\u0438\\u0435\\u043d\\u0442 \\u0432 \\u0440\\u0435\\u0446\\u0435\\u043f\\u0442\\u0435", "object": "1 x \\u041a\\u0438\\u0432\\u0438 in \\u041e\\u0445\\u043b\\u0430\\u0436\\u0434\\u0430\\u044e\\u0449\\u0438\\u0439 \\u043a\\u043e\\u043a\\u0442\\u0435\\u0439\\u043b\\u044c \\u043d\\u0430 \\u043b\\u0438\\u043c\\u043e\\u043d\\u0430\\u0434\\u0435 \\u0441 \\u0447\\u0435\\u0440\\u0435\\u0448\\u043d\\u0435\\u0439 \\u0437\\u0430 5 \\u043c\\u0438\\u043d\\u0443\\u0442"}}, {"added": {"name": "\\u0418\\u043d\\u0433\\u0440\\u0435\\u0434\\u0438\\u0435\\u043d\\u0442 \\u0432 \\u0440\\u0435\\u0446\\u0435\\u043f\\u0442\\u0435", "object": "300 x \\u041b\\u0438\\u043c\\u043e\\u043d\\u0430\\u0434 in \\u041e\\u0445\\u043b\\u0430\\u0436\\u0434\\u0430\\u044e\\u0449\\u0438\\u0439 \\u043a\\u043e\\u043a\\u0442\\u0435\\u0439\\u043b\\u044c \\u043d\\u0430 \\u043b\\u0438\\u043c\\u043e\\u043d\\u0430\\u0434\\u0435 \\u0441 \\u0447\\u0435\\u0440\\u0435\\u0448\\u043d\\u0435\\u0439 \\u0437\\u0430 5 \\u043c\\u0438\\u043d\\u0443\\u0442"}}]	11	8
\.


--
-- Data for Name: django_content_type; Type: TABLE DATA; Schema: public; Owner: foodgram_user
--

COPY public.django_content_type (id, app_label, model) FROM stdin;
1	admin	logentry
2	auth	permission
3	auth	group
4	contenttypes	contenttype
5	sessions	session
6	authtoken	token
7	authtoken	tokenproxy
8	api	user
9	api	subscription
10	recipes	ingredient
11	recipes	recipe
12	recipes	tag
13	recipes	recipeingredient
14	recipes	shoppingcart
15	recipes	favorite
\.


--
-- Data for Name: django_migrations; Type: TABLE DATA; Schema: public; Owner: foodgram_user
--

COPY public.django_migrations (id, app, name, applied) FROM stdin;
1	contenttypes	0001_initial	2025-06-27 02:53:14.208651+00
2	contenttypes	0002_remove_content_type_name	2025-06-27 02:53:14.210784+00
3	auth	0001_initial	2025-06-27 02:53:14.223834+00
4	auth	0002_alter_permission_name_max_length	2025-06-27 02:53:14.22534+00
5	auth	0003_alter_user_email_max_length	2025-06-27 02:53:14.227357+00
6	auth	0004_alter_user_username_opts	2025-06-27 02:53:14.22901+00
7	auth	0005_alter_user_last_login_null	2025-06-27 02:53:14.230729+00
8	auth	0006_require_contenttypes_0002	2025-06-27 02:53:14.231325+00
9	auth	0007_alter_validators_add_error_messages	2025-06-27 02:53:14.232809+00
10	auth	0008_alter_user_username_max_length	2025-06-27 02:53:14.234311+00
11	auth	0009_alter_user_last_name_max_length	2025-06-27 02:53:14.235826+00
12	auth	0010_alter_group_name_max_length	2025-06-27 02:53:14.237556+00
13	auth	0011_update_proxy_permissions	2025-06-27 02:53:14.239703+00
14	auth	0012_alter_user_first_name_max_length	2025-06-27 02:53:14.241567+00
15	api	0001_initial	2025-06-27 02:53:14.259314+00
16	admin	0001_initial	2025-06-27 02:53:14.266163+00
17	admin	0002_logentry_remove_auto_add	2025-06-27 02:53:14.269033+00
18	admin	0003_logentry_add_action_flag_choices	2025-06-27 02:53:14.271098+00
19	api	0002_user_avatar_subscription	2025-06-27 02:53:14.278972+00
20	authtoken	0001_initial	2025-06-27 02:53:14.283722+00
21	authtoken	0002_auto_20160226_1747	2025-06-27 02:53:14.291738+00
22	authtoken	0003_tokenproxy	2025-06-27 02:53:14.292496+00
23	authtoken	0004_alter_tokenproxy_options	2025-06-27 02:53:14.29408+00
24	recipes	0001_initial	2025-06-27 02:53:14.325668+00
25	recipes	0002_shoppingcart_favorite	2025-06-27 02:53:14.339019+00
26	sessions	0001_initial	2025-06-27 02:53:14.343333+00
\.


--
-- Data for Name: django_session; Type: TABLE DATA; Schema: public; Owner: foodgram_user
--

COPY public.django_session (session_key, session_data, expire_date) FROM stdin;
rxpz6ag7puzh197at500wf6ht3g79jl3	.eJxVjMsOgjAQRf-la9O0TEeKS_d8A5kHFdS0CYWV8d-VhIVu7znnvsxA2zoNWx2XYVZzMdGcfjcmeYx5B3qnfCtWSl6Xme2u2INW2xcdn9fD_TuYqE7f2nmCJB69BIzoQ0BsoNVOGFsOKNokxw6ApeuiakqUIvM5khMCUDLvD9W6OFU:1uWkm9:MclKmI25HyUpr-KrtR0VCkSyPbsjxSwXgoPmhLxNF3k	2025-07-15 23:52:33.544287+00
4d2xr2s46s80ry8emrsmkuug8wz3x7st	.eJxVjMsOgjAQRf-la9O0TEeKS_d8A5kHFdS0CYWV8d-VhIVu7znnvsxA2zoNWx2XYVZzMdGcfjcmeYx5B3qnfCtWSl6Xme2u2INW2xcdn9fD_TuYqE7f2nmCJB69BIzoQ0BsoNVOGFsOKNokxw6ApeuiakqUIvM5khMCUDLvD9W6OFU:1uX7UF:SV3AksisLFAN1Iq35JO8zEc8y_YfYCyrKGVkW0zEaHE	2025-07-17 00:07:36.000012+00
\.


--
-- Data for Name: recipes_favorite; Type: TABLE DATA; Schema: public; Owner: foodgram_user
--

COPY public.recipes_favorite (id, recipe_id, user_id) FROM stdin;
21	14	8
22	13	8
23	12	8
24	16	8
25	15	8
26	17	8
27	11	8
\.


--
-- Data for Name: recipes_ingredient; Type: TABLE DATA; Schema: public; Owner: foodgram_user
--

COPY public.recipes_ingredient (id, name, measurement_unit) FROM stdin;
1	Рукола	кг
2	Свинина	кг
3	Оливковое масло	мл
4	Сыр твердый	г
5	Яйцо	шт
6	Мука	г
7	Масло растительное	мл
8	Чесночные стрелки	шт
9	Соль	г
10	Жимолость свежая	г
11	Сахар	г
12	Греческий йогурт	г
13	Печенье	г
14	Мята	шт
15	Шпинат	г
16	Майонез	ст.л.
17	Редиска	шт
18	Водка	мл
19	Лмонный сорбет	мл
20	Просекко	мл
21	Чеснок	шт
22	Имбирь	шт
23	Соевый соус	мл
24	Филе белой рыбы	г
25	Вода	мл
26	Банан	шт
27	Черешня	г
28	Киви	шт
29	Лимонад	мл
\.


--
-- Data for Name: recipes_recipe; Type: TABLE DATA; Schema: public; Owner: foodgram_user
--

COPY public.recipes_recipe (id, name, image, text, cooking_time, pub_date, author_id) FROM stdin;
11	Домашние сырные палочки	recipes/сырные_палочки.jpg	Простой, но очень вкусный рецепт домашних сырных палочек. Пальчики оближешь! Минимум продуктов и максимум удовольствия, а с приготовлением справится даже ребёнок.\r\n\r\n\r\nПриготовим продукты для сырных палочек.\r\n\r\nСыр натереть на мелкой терке, добавить муку, яйцо. Перемешать.\r\nСформировать сырные палочки.\r\n\r\n\r\nОбжарить их в растительном масле до золотистого цвета.\r\n\r\n\r\nСырные палочки готовы! Приятного аппетита!	15	2025-07-02 00:09:04.025965+00	9
12	Летний десерт с жимолостью в стакане	recipes/Летнии_десерт_с_жимолостью_в_стакане.jpg	Готовится он из греческого йогурта, свежих ягод и печенья (его по желанию можно заменить бисквитом). Рецепт рассчитан на два десерта.\r\n\r\nПриготовление\r\n1․\r\nЧасть ягод (100 г) разомните вилкой, добавьте сахар и смешайте с половиной греческого йогурта (125 г). У вас получится ягодный слой.\r\n\r\n2․\r\nВыложите слоями в стакан печенье, ягодный слой, часть свежих ягод, снова печенье и греческий йогурт. Соберите по такому же принципу второй десерт.\r\n\r\n3․\r\nПо желанию украсьте свежими ягодами и листиками мяты.	7	2025-07-02 00:20:41.051439+00	10
14	Редис, фаршированный яичной начинкой со шпинатом	recipes/Редис_фаршированныи_яичнои_начинкои_со_шпинатом.jpg	Приготовление\r\n1․\r\nЯйца отварите вкрутую.\r\n\r\nКак и сколько варить яйца вкрутую\r\nКак и сколько варить яйца вкрутую\r\n2․\r\nПока яйца варятся, сыр натрите на тёрке, а шпинат измельчите.\r\n\r\n3․\r\nМелко нарежьте яйца, смешайте их с сыром, шпинатом, майонезом и чёрным перцем. Немного посолите.\r\n\r\n4․\r\nУ редиса срежьте верхушки и низ, вырежьте сердцевину. Заполните начинкой и украсьте петрушкой.	20	2025-07-02 00:43:56.522752+00	10
15	Сгроппино — итальянский аперитив на основе просекко и лимонного сорбета	recipes/Сгроппино__итальянскии_аперитив_на_основе_просекко_и_лимонного_сорбета.jpg	Приготовление\r\n1․\r\nСорбет выложите в глубокую миску и разбейте венчиком.\r\n\r\nЛимонный сорбет\r\nЛимонный сорбет\r\n2․\r\nДобавьте водку или лимончелло, взбейте венчиком.\r\n\r\n3․\r\nВлейте просекко и финально перемешайте до однородности. Разлейте по бокалам.	5	2025-07-02 00:45:50.197089+00	9
16	Рыба с острым соусом и овощами по-маньчжурски	recipes/Рыба_с_острым_соусом_и_овощами_по-маньчжурски.jpg	Приготовление\r\n1․\r\nЧеснок пропустите через пресс. Имбирь натрите на мелкой тёрке, достаточно чайной ложки. Смешайте с соевым соусом и чёрным перцем. Нарежьте рыбу кусочками и замаринуйте на 10 минут.\r\n\r\n2․\r\nДобавьте к рыбе муку, крахмал, соль и воду. Размешайте, чтобы равномерно покрыть кусочки. \r\n\r\n3․\r\nВ сковороде разогрейте масло на среднем огне. Партиями обжарьте кусочки рыбы до румяности со всех сторон. Выложите на тарелку. \r\n\r\n4․\r\nСоедините соевый соус и соус чили с уксусом и сахаром. Убедитесь, что все кристаллики растворились.\r\n\r\n5․\r\nНарежьте лук — половинками колец, перец — соломкой, чеснок и острый перец — небольшими кусочками.\r\n\r\n6․\r\nВ чистой сковороде разогрейте масло на огне выше среднего. Часто помешивая, обжарьте чеснок, лук и перцы за 2–3 минуты. \r\n\r\n7․\r\nДобавьте подготовленный соус и воду, соединённую с крахмалом. Размешайте и доведите до кипения.\r\n\r\n8․\r\nВерните рыбу в сковороду и готовьте всё вместе ещё 2 минуты. Всыпьте немного зелёного лука при подаче.	40	2025-07-02 00:48:59.514802+00	10
17	Охлаждающий коктейль на лимонаде с черешней за 5 минут	recipes/Охлаждающии_коктеиль_на_лимонаде_с_черешнеи_за_5_минут.jpg	Приготовление\r\n1․\r\nВ чашу блендера положите банан, черешню и нарезанное киви. Влейте холодный лимонад.\r\n\r\n2․\r\nИзмельчите всё до однородной массы.\r\n\r\n3․\r\nРазлейте напиток по стаканам и украсьте черешней.	5	2025-07-02 00:51:17.47685+00	9
13	Чесночные стрелки с яйцами на сковороде	recipes/Чесночные_стрелки_с_яицами_на_сковороде.jpg	Приготовление\r\n1․\r\nСрежьте головки у чесночных стрелок. Сами стрелки нарежьте продолговатыми кусочками.\r\n\r\n2․\r\nРазогрейте масло в сковороде на умеренном огне. Закиньте стрелки и обжаривайте, помешивая, 5 минут.\r\n\r\nМожно добавить измельчённый имбирь.\r\n3․\r\nДобавьте яйца. Когда они чуть-чуть схватятся, перемешайте.\r\n\r\n4․\r\nПриправьте солью или соевым соусом. Продолжайте мешать яйца, чтобы они схватились кусочками.	10	2025-07-02 00:22:15.130103+00	9
\.


--
-- Data for Name: recipes_recipe_tags; Type: TABLE DATA; Schema: public; Owner: foodgram_user
--

COPY public.recipes_recipe_tags (id, recipe_id, tag_id) FROM stdin;
18	11	7
19	12	5
20	13	7
21	14	6
22	15	4
23	15	7
24	16	6
25	17	5
26	17	7
\.


--
-- Data for Name: recipes_recipeingredient; Type: TABLE DATA; Schema: public; Owner: foodgram_user
--

COPY public.recipes_recipeingredient (id, amount, ingredient_id, recipe_id) FROM stdin;
22	6	8	13
23	10	7	13
24	5	5	13
25	1	9	13
30	300	4	11
31	1	5	11
32	70	7	11
33	30	6	11
26	150	10	12
27	10	11	12
28	250	12	12
29	100	13	12
34	3	14	12
35	3	5	14
36	90	4	14
37	20	15	14
38	3	16	14
39	1	9	14
40	20	17	14
41	100	18	15
42	200	19	15
43	450	20	15
44	1	21	16
45	1	22	16
46	10	23	16
47	250	24	16
48	30	6	16
49	2	9	16
50	200	25	16
51	70	7	16
52	20	15	16
53	1	26	17
54	150	27	17
55	1	28	17
56	300	29	17
\.


--
-- Data for Name: recipes_shoppingcart; Type: TABLE DATA; Schema: public; Owner: foodgram_user
--

COPY public.recipes_shoppingcart (id, recipe_id, user_id) FROM stdin;
26	17	8
27	16	8
28	15	8
29	12	8
30	13	8
31	14	8
\.


--
-- Data for Name: recipes_tag; Type: TABLE DATA; Schema: public; Owner: foodgram_user
--

COPY public.recipes_tag (id, name, slug) FROM stdin;
4	Завтрак	zavtrak
5	Обед	obed
6	Ужин	uzhin
7	Праздный стол	prazdnyj-stol
\.


--
-- Name: api_subscription_id_seq; Type: SEQUENCE SET; Schema: public; Owner: foodgram_user
--

SELECT pg_catalog.setval('public.api_subscription_id_seq', 20, true);


--
-- Name: api_user_groups_id_seq; Type: SEQUENCE SET; Schema: public; Owner: foodgram_user
--

SELECT pg_catalog.setval('public.api_user_groups_id_seq', 1, false);


--
-- Name: api_user_id_seq; Type: SEQUENCE SET; Schema: public; Owner: foodgram_user
--

SELECT pg_catalog.setval('public.api_user_id_seq', 10, true);


--
-- Name: api_user_user_permissions_id_seq; Type: SEQUENCE SET; Schema: public; Owner: foodgram_user
--

SELECT pg_catalog.setval('public.api_user_user_permissions_id_seq', 1, false);


--
-- Name: auth_group_id_seq; Type: SEQUENCE SET; Schema: public; Owner: foodgram_user
--

SELECT pg_catalog.setval('public.auth_group_id_seq', 1, false);


--
-- Name: auth_group_permissions_id_seq; Type: SEQUENCE SET; Schema: public; Owner: foodgram_user
--

SELECT pg_catalog.setval('public.auth_group_permissions_id_seq', 1, false);


--
-- Name: auth_permission_id_seq; Type: SEQUENCE SET; Schema: public; Owner: foodgram_user
--

SELECT pg_catalog.setval('public.auth_permission_id_seq', 60, true);


--
-- Name: django_admin_log_id_seq; Type: SEQUENCE SET; Schema: public; Owner: foodgram_user
--

SELECT pg_catalog.setval('public.django_admin_log_id_seq', 60, true);


--
-- Name: django_content_type_id_seq; Type: SEQUENCE SET; Schema: public; Owner: foodgram_user
--

SELECT pg_catalog.setval('public.django_content_type_id_seq', 15, true);


--
-- Name: django_migrations_id_seq; Type: SEQUENCE SET; Schema: public; Owner: foodgram_user
--

SELECT pg_catalog.setval('public.django_migrations_id_seq', 26, true);


--
-- Name: recipes_favorite_id_seq; Type: SEQUENCE SET; Schema: public; Owner: foodgram_user
--

SELECT pg_catalog.setval('public.recipes_favorite_id_seq', 27, true);


--
-- Name: recipes_ingredient_id_seq; Type: SEQUENCE SET; Schema: public; Owner: foodgram_user
--

SELECT pg_catalog.setval('public.recipes_ingredient_id_seq', 29, true);


--
-- Name: recipes_recipe_id_seq; Type: SEQUENCE SET; Schema: public; Owner: foodgram_user
--

SELECT pg_catalog.setval('public.recipes_recipe_id_seq', 19, true);


--
-- Name: recipes_recipe_tags_id_seq; Type: SEQUENCE SET; Schema: public; Owner: foodgram_user
--

SELECT pg_catalog.setval('public.recipes_recipe_tags_id_seq', 34, true);


--
-- Name: recipes_recipeingredient_id_seq; Type: SEQUENCE SET; Schema: public; Owner: foodgram_user
--

SELECT pg_catalog.setval('public.recipes_recipeingredient_id_seq', 58, true);


--
-- Name: recipes_shoppingcart_id_seq; Type: SEQUENCE SET; Schema: public; Owner: foodgram_user
--

SELECT pg_catalog.setval('public.recipes_shoppingcart_id_seq', 31, true);


--
-- Name: recipes_tag_id_seq; Type: SEQUENCE SET; Schema: public; Owner: foodgram_user
--

SELECT pg_catalog.setval('public.recipes_tag_id_seq', 7, true);


--
-- Name: api_subscription api_subscription_pkey; Type: CONSTRAINT; Schema: public; Owner: foodgram_user
--

ALTER TABLE ONLY public.api_subscription
    ADD CONSTRAINT api_subscription_pkey PRIMARY KEY (id);


--
-- Name: api_subscription api_subscription_user_id_author_id_e8c2d6f8_uniq; Type: CONSTRAINT; Schema: public; Owner: foodgram_user
--

ALTER TABLE ONLY public.api_subscription
    ADD CONSTRAINT api_subscription_user_id_author_id_e8c2d6f8_uniq UNIQUE (user_id, author_id);


--
-- Name: api_user api_user_email_key; Type: CONSTRAINT; Schema: public; Owner: foodgram_user
--

ALTER TABLE ONLY public.api_user
    ADD CONSTRAINT api_user_email_key UNIQUE (email);


--
-- Name: api_user_groups api_user_groups_pkey; Type: CONSTRAINT; Schema: public; Owner: foodgram_user
--

ALTER TABLE ONLY public.api_user_groups
    ADD CONSTRAINT api_user_groups_pkey PRIMARY KEY (id);


--
-- Name: api_user_groups api_user_groups_user_id_group_id_9c7ddfb5_uniq; Type: CONSTRAINT; Schema: public; Owner: foodgram_user
--

ALTER TABLE ONLY public.api_user_groups
    ADD CONSTRAINT api_user_groups_user_id_group_id_9c7ddfb5_uniq UNIQUE (user_id, group_id);


--
-- Name: api_user api_user_pkey; Type: CONSTRAINT; Schema: public; Owner: foodgram_user
--

ALTER TABLE ONLY public.api_user
    ADD CONSTRAINT api_user_pkey PRIMARY KEY (id);


--
-- Name: api_user_user_permissions api_user_user_permissions_pkey; Type: CONSTRAINT; Schema: public; Owner: foodgram_user
--

ALTER TABLE ONLY public.api_user_user_permissions
    ADD CONSTRAINT api_user_user_permissions_pkey PRIMARY KEY (id);


--
-- Name: api_user_user_permissions api_user_user_permissions_user_id_permission_id_a06dd704_uniq; Type: CONSTRAINT; Schema: public; Owner: foodgram_user
--

ALTER TABLE ONLY public.api_user_user_permissions
    ADD CONSTRAINT api_user_user_permissions_user_id_permission_id_a06dd704_uniq UNIQUE (user_id, permission_id);


--
-- Name: api_user api_user_username_key; Type: CONSTRAINT; Schema: public; Owner: foodgram_user
--

ALTER TABLE ONLY public.api_user
    ADD CONSTRAINT api_user_username_key UNIQUE (username);


--
-- Name: auth_group auth_group_name_key; Type: CONSTRAINT; Schema: public; Owner: foodgram_user
--

ALTER TABLE ONLY public.auth_group
    ADD CONSTRAINT auth_group_name_key UNIQUE (name);


--
-- Name: auth_group_permissions auth_group_permissions_group_id_permission_id_0cd325b0_uniq; Type: CONSTRAINT; Schema: public; Owner: foodgram_user
--

ALTER TABLE ONLY public.auth_group_permissions
    ADD CONSTRAINT auth_group_permissions_group_id_permission_id_0cd325b0_uniq UNIQUE (group_id, permission_id);


--
-- Name: auth_group_permissions auth_group_permissions_pkey; Type: CONSTRAINT; Schema: public; Owner: foodgram_user
--

ALTER TABLE ONLY public.auth_group_permissions
    ADD CONSTRAINT auth_group_permissions_pkey PRIMARY KEY (id);


--
-- Name: auth_group auth_group_pkey; Type: CONSTRAINT; Schema: public; Owner: foodgram_user
--

ALTER TABLE ONLY public.auth_group
    ADD CONSTRAINT auth_group_pkey PRIMARY KEY (id);


--
-- Name: auth_permission auth_permission_content_type_id_codename_01ab375a_uniq; Type: CONSTRAINT; Schema: public; Owner: foodgram_user
--

ALTER TABLE ONLY public.auth_permission
    ADD CONSTRAINT auth_permission_content_type_id_codename_01ab375a_uniq UNIQUE (content_type_id, codename);


--
-- Name: auth_permission auth_permission_pkey; Type: CONSTRAINT; Schema: public; Owner: foodgram_user
--

ALTER TABLE ONLY public.auth_permission
    ADD CONSTRAINT auth_permission_pkey PRIMARY KEY (id);


--
-- Name: authtoken_token authtoken_token_pkey; Type: CONSTRAINT; Schema: public; Owner: foodgram_user
--

ALTER TABLE ONLY public.authtoken_token
    ADD CONSTRAINT authtoken_token_pkey PRIMARY KEY (key);


--
-- Name: authtoken_token authtoken_token_user_id_key; Type: CONSTRAINT; Schema: public; Owner: foodgram_user
--

ALTER TABLE ONLY public.authtoken_token
    ADD CONSTRAINT authtoken_token_user_id_key UNIQUE (user_id);


--
-- Name: django_admin_log django_admin_log_pkey; Type: CONSTRAINT; Schema: public; Owner: foodgram_user
--

ALTER TABLE ONLY public.django_admin_log
    ADD CONSTRAINT django_admin_log_pkey PRIMARY KEY (id);


--
-- Name: django_content_type django_content_type_app_label_model_76bd3d3b_uniq; Type: CONSTRAINT; Schema: public; Owner: foodgram_user
--

ALTER TABLE ONLY public.django_content_type
    ADD CONSTRAINT django_content_type_app_label_model_76bd3d3b_uniq UNIQUE (app_label, model);


--
-- Name: django_content_type django_content_type_pkey; Type: CONSTRAINT; Schema: public; Owner: foodgram_user
--

ALTER TABLE ONLY public.django_content_type
    ADD CONSTRAINT django_content_type_pkey PRIMARY KEY (id);


--
-- Name: django_migrations django_migrations_pkey; Type: CONSTRAINT; Schema: public; Owner: foodgram_user
--

ALTER TABLE ONLY public.django_migrations
    ADD CONSTRAINT django_migrations_pkey PRIMARY KEY (id);


--
-- Name: django_session django_session_pkey; Type: CONSTRAINT; Schema: public; Owner: foodgram_user
--

ALTER TABLE ONLY public.django_session
    ADD CONSTRAINT django_session_pkey PRIMARY KEY (session_key);


--
-- Name: recipes_favorite recipes_favorite_pkey; Type: CONSTRAINT; Schema: public; Owner: foodgram_user
--

ALTER TABLE ONLY public.recipes_favorite
    ADD CONSTRAINT recipes_favorite_pkey PRIMARY KEY (id);


--
-- Name: recipes_favorite recipes_favorite_user_id_recipe_id_8c3afc83_uniq; Type: CONSTRAINT; Schema: public; Owner: foodgram_user
--

ALTER TABLE ONLY public.recipes_favorite
    ADD CONSTRAINT recipes_favorite_user_id_recipe_id_8c3afc83_uniq UNIQUE (user_id, recipe_id);


--
-- Name: recipes_ingredient recipes_ingredient_pkey; Type: CONSTRAINT; Schema: public; Owner: foodgram_user
--

ALTER TABLE ONLY public.recipes_ingredient
    ADD CONSTRAINT recipes_ingredient_pkey PRIMARY KEY (id);


--
-- Name: recipes_recipe recipes_recipe_pkey; Type: CONSTRAINT; Schema: public; Owner: foodgram_user
--

ALTER TABLE ONLY public.recipes_recipe
    ADD CONSTRAINT recipes_recipe_pkey PRIMARY KEY (id);


--
-- Name: recipes_recipe_tags recipes_recipe_tags_pkey; Type: CONSTRAINT; Schema: public; Owner: foodgram_user
--

ALTER TABLE ONLY public.recipes_recipe_tags
    ADD CONSTRAINT recipes_recipe_tags_pkey PRIMARY KEY (id);


--
-- Name: recipes_recipe_tags recipes_recipe_tags_recipe_id_tag_id_233281ac_uniq; Type: CONSTRAINT; Schema: public; Owner: foodgram_user
--

ALTER TABLE ONLY public.recipes_recipe_tags
    ADD CONSTRAINT recipes_recipe_tags_recipe_id_tag_id_233281ac_uniq UNIQUE (recipe_id, tag_id);


--
-- Name: recipes_recipeingredient recipes_recipeingredient_pkey; Type: CONSTRAINT; Schema: public; Owner: foodgram_user
--

ALTER TABLE ONLY public.recipes_recipeingredient
    ADD CONSTRAINT recipes_recipeingredient_pkey PRIMARY KEY (id);


--
-- Name: recipes_recipeingredient recipes_recipeingredient_recipe_id_ingredient_id_b6da77a8_uniq; Type: CONSTRAINT; Schema: public; Owner: foodgram_user
--

ALTER TABLE ONLY public.recipes_recipeingredient
    ADD CONSTRAINT recipes_recipeingredient_recipe_id_ingredient_id_b6da77a8_uniq UNIQUE (recipe_id, ingredient_id);


--
-- Name: recipes_shoppingcart recipes_shoppingcart_pkey; Type: CONSTRAINT; Schema: public; Owner: foodgram_user
--

ALTER TABLE ONLY public.recipes_shoppingcart
    ADD CONSTRAINT recipes_shoppingcart_pkey PRIMARY KEY (id);


--
-- Name: recipes_shoppingcart recipes_shoppingcart_user_id_recipe_id_0ebd00a8_uniq; Type: CONSTRAINT; Schema: public; Owner: foodgram_user
--

ALTER TABLE ONLY public.recipes_shoppingcart
    ADD CONSTRAINT recipes_shoppingcart_user_id_recipe_id_0ebd00a8_uniq UNIQUE (user_id, recipe_id);


--
-- Name: recipes_tag recipes_tag_name_key; Type: CONSTRAINT; Schema: public; Owner: foodgram_user
--

ALTER TABLE ONLY public.recipes_tag
    ADD CONSTRAINT recipes_tag_name_key UNIQUE (name);


--
-- Name: recipes_tag recipes_tag_pkey; Type: CONSTRAINT; Schema: public; Owner: foodgram_user
--

ALTER TABLE ONLY public.recipes_tag
    ADD CONSTRAINT recipes_tag_pkey PRIMARY KEY (id);


--
-- Name: recipes_tag recipes_tag_slug_key; Type: CONSTRAINT; Schema: public; Owner: foodgram_user
--

ALTER TABLE ONLY public.recipes_tag
    ADD CONSTRAINT recipes_tag_slug_key UNIQUE (slug);


--
-- Name: api_subscription_author_id_229138ee; Type: INDEX; Schema: public; Owner: foodgram_user
--

CREATE INDEX api_subscription_author_id_229138ee ON public.api_subscription USING btree (author_id);


--
-- Name: api_subscription_user_id_5baadde4; Type: INDEX; Schema: public; Owner: foodgram_user
--

CREATE INDEX api_subscription_user_id_5baadde4 ON public.api_subscription USING btree (user_id);


--
-- Name: api_user_email_9ef5afa6_like; Type: INDEX; Schema: public; Owner: foodgram_user
--

CREATE INDEX api_user_email_9ef5afa6_like ON public.api_user USING btree (email varchar_pattern_ops);


--
-- Name: api_user_groups_group_id_3af85785; Type: INDEX; Schema: public; Owner: foodgram_user
--

CREATE INDEX api_user_groups_group_id_3af85785 ON public.api_user_groups USING btree (group_id);


--
-- Name: api_user_groups_user_id_a5ff39fa; Type: INDEX; Schema: public; Owner: foodgram_user
--

CREATE INDEX api_user_groups_user_id_a5ff39fa ON public.api_user_groups USING btree (user_id);


--
-- Name: api_user_user_permissions_permission_id_305b7fea; Type: INDEX; Schema: public; Owner: foodgram_user
--

CREATE INDEX api_user_user_permissions_permission_id_305b7fea ON public.api_user_user_permissions USING btree (permission_id);


--
-- Name: api_user_user_permissions_user_id_f3945d65; Type: INDEX; Schema: public; Owner: foodgram_user
--

CREATE INDEX api_user_user_permissions_user_id_f3945d65 ON public.api_user_user_permissions USING btree (user_id);


--
-- Name: api_user_username_cf4e88d2_like; Type: INDEX; Schema: public; Owner: foodgram_user
--

CREATE INDEX api_user_username_cf4e88d2_like ON public.api_user USING btree (username varchar_pattern_ops);


--
-- Name: auth_group_name_a6ea08ec_like; Type: INDEX; Schema: public; Owner: foodgram_user
--

CREATE INDEX auth_group_name_a6ea08ec_like ON public.auth_group USING btree (name varchar_pattern_ops);


--
-- Name: auth_group_permissions_group_id_b120cbf9; Type: INDEX; Schema: public; Owner: foodgram_user
--

CREATE INDEX auth_group_permissions_group_id_b120cbf9 ON public.auth_group_permissions USING btree (group_id);


--
-- Name: auth_group_permissions_permission_id_84c5c92e; Type: INDEX; Schema: public; Owner: foodgram_user
--

CREATE INDEX auth_group_permissions_permission_id_84c5c92e ON public.auth_group_permissions USING btree (permission_id);


--
-- Name: auth_permission_content_type_id_2f476e4b; Type: INDEX; Schema: public; Owner: foodgram_user
--

CREATE INDEX auth_permission_content_type_id_2f476e4b ON public.auth_permission USING btree (content_type_id);


--
-- Name: authtoken_token_key_10f0b77e_like; Type: INDEX; Schema: public; Owner: foodgram_user
--

CREATE INDEX authtoken_token_key_10f0b77e_like ON public.authtoken_token USING btree (key varchar_pattern_ops);


--
-- Name: django_admin_log_content_type_id_c4bce8eb; Type: INDEX; Schema: public; Owner: foodgram_user
--

CREATE INDEX django_admin_log_content_type_id_c4bce8eb ON public.django_admin_log USING btree (content_type_id);


--
-- Name: django_admin_log_user_id_c564eba6; Type: INDEX; Schema: public; Owner: foodgram_user
--

CREATE INDEX django_admin_log_user_id_c564eba6 ON public.django_admin_log USING btree (user_id);


--
-- Name: django_session_expire_date_a5c62663; Type: INDEX; Schema: public; Owner: foodgram_user
--

CREATE INDEX django_session_expire_date_a5c62663 ON public.django_session USING btree (expire_date);


--
-- Name: django_session_session_key_c0390e0f_like; Type: INDEX; Schema: public; Owner: foodgram_user
--

CREATE INDEX django_session_session_key_c0390e0f_like ON public.django_session USING btree (session_key varchar_pattern_ops);


--
-- Name: recipes_favorite_recipe_id_288529df; Type: INDEX; Schema: public; Owner: foodgram_user
--

CREATE INDEX recipes_favorite_recipe_id_288529df ON public.recipes_favorite USING btree (recipe_id);


--
-- Name: recipes_favorite_user_id_dd4f6854; Type: INDEX; Schema: public; Owner: foodgram_user
--

CREATE INDEX recipes_favorite_user_id_dd4f6854 ON public.recipes_favorite USING btree (user_id);


--
-- Name: recipes_ingredient_name_32dfe6dd; Type: INDEX; Schema: public; Owner: foodgram_user
--

CREATE INDEX recipes_ingredient_name_32dfe6dd ON public.recipes_ingredient USING btree (name);


--
-- Name: recipes_ingredient_name_32dfe6dd_like; Type: INDEX; Schema: public; Owner: foodgram_user
--

CREATE INDEX recipes_ingredient_name_32dfe6dd_like ON public.recipes_ingredient USING btree (name varchar_pattern_ops);


--
-- Name: recipes_recipe_author_id_7274f74b; Type: INDEX; Schema: public; Owner: foodgram_user
--

CREATE INDEX recipes_recipe_author_id_7274f74b ON public.recipes_recipe USING btree (author_id);


--
-- Name: recipes_recipe_pub_date_1d2f9870; Type: INDEX; Schema: public; Owner: foodgram_user
--

CREATE INDEX recipes_recipe_pub_date_1d2f9870 ON public.recipes_recipe USING btree (pub_date);


--
-- Name: recipes_recipe_tags_recipe_id_e15a4132; Type: INDEX; Schema: public; Owner: foodgram_user
--

CREATE INDEX recipes_recipe_tags_recipe_id_e15a4132 ON public.recipes_recipe_tags USING btree (recipe_id);


--
-- Name: recipes_recipe_tags_tag_id_6fe328c4; Type: INDEX; Schema: public; Owner: foodgram_user
--

CREATE INDEX recipes_recipe_tags_tag_id_6fe328c4 ON public.recipes_recipe_tags USING btree (tag_id);


--
-- Name: recipes_recipeingredient_ingredient_id_0efc0df1; Type: INDEX; Schema: public; Owner: foodgram_user
--

CREATE INDEX recipes_recipeingredient_ingredient_id_0efc0df1 ON public.recipes_recipeingredient USING btree (ingredient_id);


--
-- Name: recipes_recipeingredient_recipe_id_76423229; Type: INDEX; Schema: public; Owner: foodgram_user
--

CREATE INDEX recipes_recipeingredient_recipe_id_76423229 ON public.recipes_recipeingredient USING btree (recipe_id);


--
-- Name: recipes_shoppingcart_recipe_id_7b01d980; Type: INDEX; Schema: public; Owner: foodgram_user
--

CREATE INDEX recipes_shoppingcart_recipe_id_7b01d980 ON public.recipes_shoppingcart USING btree (recipe_id);


--
-- Name: recipes_shoppingcart_user_id_9cf94f11; Type: INDEX; Schema: public; Owner: foodgram_user
--

CREATE INDEX recipes_shoppingcart_user_id_9cf94f11 ON public.recipes_shoppingcart USING btree (user_id);


--
-- Name: recipes_tag_name_fdbc724f_like; Type: INDEX; Schema: public; Owner: foodgram_user
--

CREATE INDEX recipes_tag_name_fdbc724f_like ON public.recipes_tag USING btree (name varchar_pattern_ops);


--
-- Name: recipes_tag_slug_baa21000_like; Type: INDEX; Schema: public; Owner: foodgram_user
--

CREATE INDEX recipes_tag_slug_baa21000_like ON public.recipes_tag USING btree (slug varchar_pattern_ops);


--
-- Name: api_subscription api_subscription_author_id_229138ee_fk_api_user_id; Type: FK CONSTRAINT; Schema: public; Owner: foodgram_user
--

ALTER TABLE ONLY public.api_subscription
    ADD CONSTRAINT api_subscription_author_id_229138ee_fk_api_user_id FOREIGN KEY (author_id) REFERENCES public.api_user(id) DEFERRABLE INITIALLY DEFERRED;


--
-- Name: api_subscription api_subscription_user_id_5baadde4_fk_api_user_id; Type: FK CONSTRAINT; Schema: public; Owner: foodgram_user
--

ALTER TABLE ONLY public.api_subscription
    ADD CONSTRAINT api_subscription_user_id_5baadde4_fk_api_user_id FOREIGN KEY (user_id) REFERENCES public.api_user(id) DEFERRABLE INITIALLY DEFERRED;


--
-- Name: api_user_groups api_user_groups_group_id_3af85785_fk_auth_group_id; Type: FK CONSTRAINT; Schema: public; Owner: foodgram_user
--

ALTER TABLE ONLY public.api_user_groups
    ADD CONSTRAINT api_user_groups_group_id_3af85785_fk_auth_group_id FOREIGN KEY (group_id) REFERENCES public.auth_group(id) DEFERRABLE INITIALLY DEFERRED;


--
-- Name: api_user_groups api_user_groups_user_id_a5ff39fa_fk_api_user_id; Type: FK CONSTRAINT; Schema: public; Owner: foodgram_user
--

ALTER TABLE ONLY public.api_user_groups
    ADD CONSTRAINT api_user_groups_user_id_a5ff39fa_fk_api_user_id FOREIGN KEY (user_id) REFERENCES public.api_user(id) DEFERRABLE INITIALLY DEFERRED;


--
-- Name: api_user_user_permissions api_user_user_permis_permission_id_305b7fea_fk_auth_perm; Type: FK CONSTRAINT; Schema: public; Owner: foodgram_user
--

ALTER TABLE ONLY public.api_user_user_permissions
    ADD CONSTRAINT api_user_user_permis_permission_id_305b7fea_fk_auth_perm FOREIGN KEY (permission_id) REFERENCES public.auth_permission(id) DEFERRABLE INITIALLY DEFERRED;


--
-- Name: api_user_user_permissions api_user_user_permissions_user_id_f3945d65_fk_api_user_id; Type: FK CONSTRAINT; Schema: public; Owner: foodgram_user
--

ALTER TABLE ONLY public.api_user_user_permissions
    ADD CONSTRAINT api_user_user_permissions_user_id_f3945d65_fk_api_user_id FOREIGN KEY (user_id) REFERENCES public.api_user(id) DEFERRABLE INITIALLY DEFERRED;


--
-- Name: auth_group_permissions auth_group_permissio_permission_id_84c5c92e_fk_auth_perm; Type: FK CONSTRAINT; Schema: public; Owner: foodgram_user
--

ALTER TABLE ONLY public.auth_group_permissions
    ADD CONSTRAINT auth_group_permissio_permission_id_84c5c92e_fk_auth_perm FOREIGN KEY (permission_id) REFERENCES public.auth_permission(id) DEFERRABLE INITIALLY DEFERRED;


--
-- Name: auth_group_permissions auth_group_permissions_group_id_b120cbf9_fk_auth_group_id; Type: FK CONSTRAINT; Schema: public; Owner: foodgram_user
--

ALTER TABLE ONLY public.auth_group_permissions
    ADD CONSTRAINT auth_group_permissions_group_id_b120cbf9_fk_auth_group_id FOREIGN KEY (group_id) REFERENCES public.auth_group(id) DEFERRABLE INITIALLY DEFERRED;


--
-- Name: auth_permission auth_permission_content_type_id_2f476e4b_fk_django_co; Type: FK CONSTRAINT; Schema: public; Owner: foodgram_user
--

ALTER TABLE ONLY public.auth_permission
    ADD CONSTRAINT auth_permission_content_type_id_2f476e4b_fk_django_co FOREIGN KEY (content_type_id) REFERENCES public.django_content_type(id) DEFERRABLE INITIALLY DEFERRED;


--
-- Name: authtoken_token authtoken_token_user_id_35299eff_fk_api_user_id; Type: FK CONSTRAINT; Schema: public; Owner: foodgram_user
--

ALTER TABLE ONLY public.authtoken_token
    ADD CONSTRAINT authtoken_token_user_id_35299eff_fk_api_user_id FOREIGN KEY (user_id) REFERENCES public.api_user(id) DEFERRABLE INITIALLY DEFERRED;


--
-- Name: django_admin_log django_admin_log_content_type_id_c4bce8eb_fk_django_co; Type: FK CONSTRAINT; Schema: public; Owner: foodgram_user
--

ALTER TABLE ONLY public.django_admin_log
    ADD CONSTRAINT django_admin_log_content_type_id_c4bce8eb_fk_django_co FOREIGN KEY (content_type_id) REFERENCES public.django_content_type(id) DEFERRABLE INITIALLY DEFERRED;


--
-- Name: django_admin_log django_admin_log_user_id_c564eba6_fk_api_user_id; Type: FK CONSTRAINT; Schema: public; Owner: foodgram_user
--

ALTER TABLE ONLY public.django_admin_log
    ADD CONSTRAINT django_admin_log_user_id_c564eba6_fk_api_user_id FOREIGN KEY (user_id) REFERENCES public.api_user(id) DEFERRABLE INITIALLY DEFERRED;


--
-- Name: recipes_favorite recipes_favorite_recipe_id_288529df_fk_recipes_recipe_id; Type: FK CONSTRAINT; Schema: public; Owner: foodgram_user
--

ALTER TABLE ONLY public.recipes_favorite
    ADD CONSTRAINT recipes_favorite_recipe_id_288529df_fk_recipes_recipe_id FOREIGN KEY (recipe_id) REFERENCES public.recipes_recipe(id) DEFERRABLE INITIALLY DEFERRED;


--
-- Name: recipes_favorite recipes_favorite_user_id_dd4f6854_fk_api_user_id; Type: FK CONSTRAINT; Schema: public; Owner: foodgram_user
--

ALTER TABLE ONLY public.recipes_favorite
    ADD CONSTRAINT recipes_favorite_user_id_dd4f6854_fk_api_user_id FOREIGN KEY (user_id) REFERENCES public.api_user(id) DEFERRABLE INITIALLY DEFERRED;


--
-- Name: recipes_recipe recipes_recipe_author_id_7274f74b_fk_api_user_id; Type: FK CONSTRAINT; Schema: public; Owner: foodgram_user
--

ALTER TABLE ONLY public.recipes_recipe
    ADD CONSTRAINT recipes_recipe_author_id_7274f74b_fk_api_user_id FOREIGN KEY (author_id) REFERENCES public.api_user(id) DEFERRABLE INITIALLY DEFERRED;


--
-- Name: recipes_recipe_tags recipes_recipe_tags_recipe_id_e15a4132_fk_recipes_recipe_id; Type: FK CONSTRAINT; Schema: public; Owner: foodgram_user
--

ALTER TABLE ONLY public.recipes_recipe_tags
    ADD CONSTRAINT recipes_recipe_tags_recipe_id_e15a4132_fk_recipes_recipe_id FOREIGN KEY (recipe_id) REFERENCES public.recipes_recipe(id) DEFERRABLE INITIALLY DEFERRED;


--
-- Name: recipes_recipe_tags recipes_recipe_tags_tag_id_6fe328c4_fk_recipes_tag_id; Type: FK CONSTRAINT; Schema: public; Owner: foodgram_user
--

ALTER TABLE ONLY public.recipes_recipe_tags
    ADD CONSTRAINT recipes_recipe_tags_tag_id_6fe328c4_fk_recipes_tag_id FOREIGN KEY (tag_id) REFERENCES public.recipes_tag(id) DEFERRABLE INITIALLY DEFERRED;


--
-- Name: recipes_recipeingredient recipes_recipeingred_ingredient_id_0efc0df1_fk_recipes_i; Type: FK CONSTRAINT; Schema: public; Owner: foodgram_user
--

ALTER TABLE ONLY public.recipes_recipeingredient
    ADD CONSTRAINT recipes_recipeingred_ingredient_id_0efc0df1_fk_recipes_i FOREIGN KEY (ingredient_id) REFERENCES public.recipes_ingredient(id) DEFERRABLE INITIALLY DEFERRED;


--
-- Name: recipes_recipeingredient recipes_recipeingred_recipe_id_76423229_fk_recipes_r; Type: FK CONSTRAINT; Schema: public; Owner: foodgram_user
--

ALTER TABLE ONLY public.recipes_recipeingredient
    ADD CONSTRAINT recipes_recipeingred_recipe_id_76423229_fk_recipes_r FOREIGN KEY (recipe_id) REFERENCES public.recipes_recipe(id) DEFERRABLE INITIALLY DEFERRED;


--
-- Name: recipes_shoppingcart recipes_shoppingcart_recipe_id_7b01d980_fk_recipes_recipe_id; Type: FK CONSTRAINT; Schema: public; Owner: foodgram_user
--

ALTER TABLE ONLY public.recipes_shoppingcart
    ADD CONSTRAINT recipes_shoppingcart_recipe_id_7b01d980_fk_recipes_recipe_id FOREIGN KEY (recipe_id) REFERENCES public.recipes_recipe(id) DEFERRABLE INITIALLY DEFERRED;


--
-- Name: recipes_shoppingcart recipes_shoppingcart_user_id_9cf94f11_fk_api_user_id; Type: FK CONSTRAINT; Schema: public; Owner: foodgram_user
--

ALTER TABLE ONLY public.recipes_shoppingcart
    ADD CONSTRAINT recipes_shoppingcart_user_id_9cf94f11_fk_api_user_id FOREIGN KEY (user_id) REFERENCES public.api_user(id) DEFERRABLE INITIALLY DEFERRED;


--
-- PostgreSQL database dump complete
--

